date,store_id,sku_id,sales,is_special_day,temp_c,day_of_week,is_weekend,month,day_of_year,sales_lag_1,sales_lag_7,sales_lag_14,sales_lag_28,sales_rolling_mean_7,sales_rolling_std_7,sales_rolling_mean_28,sales_rolling_std_28,special_day_in_next_3d
2015-07-31,STORE_1,SKU_TOTAL,5263.0,1,16,4,0,7,212,5020.0,3769.0,4767.0,5197.0,4679.142857142857,830.2707246377437,4533.392857142857,717.4999465368763,1
2015-07-31,STORE_10,SKU_TOTAL,6694.2,1,13,4,0,7,212,6186.0,6401.0,6423.0,8057.0,6046.857142857143,771.8614790603317,6148.214285714285,1000.0319386434023,1
2015-07-31,STORE_100,SKU_TOTAL,10280.0,0,17,4,0,7,212,9631.0,8118.0,8066.0,11036.0,9098.285714285714,1265.5459578493371,8377.57142857143,1391.531967628227,0
2015-07-31,STORE_1000,SKU_TOTAL,8326.2,0,17,4,0,7,212,7840.0,5674.0,7871.0,9675.0,7493.428571428572,1230.4177958649386,7104.321428571428,1407.816014220002,0
2015-07-31,STORE_1001,SKU_TOTAL,7724.0,1,13,4,0,7,212,6418.0,4540.0,6710.0,10436.0,6012.714285714285,1959.7907808646419,6035.964285714285,1949.5914763363432,1
2015-07-31,STORE_1002,SKU_TOTAL,8554.0,1,14,4,0,7,212,6428.0,5069.0,8276.0,8514.0,6324.0,1140.4984290505536,6992.571428571428,1339.8197067370643,1
2015-07-31,STORE_1003,SKU_TOTAL,9421.0,1,13,4,0,7,212,7268.0,5586.0,7142.0,15346.0,7471.428571428572,2667.412220182891,6818.357142857143,2806.942282776079,1
2015-07-31,STORE_1004,SKU_TOTAL,7741.0,0,17,4,0,7,212,6412.0,4459.0,6238.0,8539.0,6224.142857142857,1825.1398511321029,5759.428571428572,1582.3786461825205,0
2015-07-31,STORE_1005,SKU_TOTAL,7959.0,1,13,4,0,7,212,7081.0,5460.0,6617.0,9250.0,6034.285714285715,1088.7192344349387,6220.964285714285,1221.9560967486557,1
2015-07-31,STORE_1006,SKU_TOTAL,10211.0,1,14,4,0,7,212,8441.0,5825.0,7771.0,8891.0,7411.428571428572,1780.8197416866594,7033.357142857143,1474.4519939760385,1
2015-07-31,STORE_1007,SKU_TOTAL,11107.0,1,14,4,0,7,212,9402.0,5419.0,8174.0,10000.0,7782.142857142857,1858.0521546834525,7586.5,1713.5057522410648,1
2015-07-31,STORE_1008,SKU_TOTAL,7787.0,1,13,4,0,7,212,6457.0,4728.0,7266.0,8213.0,5917.142857142857,1264.5372577312994,5907.785714285715,1404.0497078133728,1
2015-07-31,STORE_1009,SKU_TOTAL,5680.0,0,17,4,0,7,212,5390.0,4676.0,4909.0,7347.0,5290.857142857143,1057.0995583154074,5010.214285714285,1069.6986892178954,0
2015-07-31,STORE_101,SKU_TOTAL,11075.0,1,14,4,0,7,212,8655.0,6236.0,9383.0,11099.0,7708.0,1718.6552882995297,8126.607142857143,1841.9094830232773,1
2015-07-31,STORE_1010,SKU_TOTAL,15894.0,1,14,4,0,7,212,13334.0,7603.0,9420.0,13328.0,10708.857142857143,2457.1265351063125,9703.107142857143,2091.787209262973,1
2015-07-31,STORE_1011,SKU_TOTAL,10134.0,1,13,4,0,7,212,9227.0,4995.0,9101.0,10840.0,7344.142857142857,2113.0646329104675,7132.035714285715,1771.1512155395696,1
2015-07-31,STORE_1012,SKU_TOTAL,7801.0,0,17,4,0,7,212,6391.0,5762.0,5517.0,8540.0,6243.285714285715,720.6103233337725,5708.75,1110.320261606487,0
2015-07-31,STORE_1013,SKU_TOTAL,5599.0,1,13,4,0,7,212,3647.0,2770.0,3965.0,6526.0,3662.8571428571427,1401.3646240447138,3606.8928571428573,1213.6880537435175,1
2015-07-31,STORE_1014,SKU_TOTAL,16774.0,1,13,4,0,7,212,12686.0,7908.0,12288.0,20821.0,10274.857142857143,4168.092066664333,10443.75,4405.858050074637,1
2015-07-31,STORE_1015,SKU_TOTAL,8654.0,1,16,4,0,7,212,7517.0,5279.0,6693.0,7748.0,6944.714285714285,1385.0436472407143,6474.821428571428,1226.7236114069847,1
2015-07-31,STORE_1016,SKU_TOTAL,7175.0,1,13,4,0,7,212,6088.0,4069.0,7352.0,9471.0,5662.857142857143,1946.3796673629226,5792.071428571428,1806.3233156429267,1
2015-07-31,STORE_1017,SKU_TOTAL,7491.0,1,15,4,0,7,212,7371.0,5908.0,6428.0,8634.0,6355.571428571428,1361.1191298759154,6469.642857142857,1355.5460076427717,1
2015-07-31,STORE_1018,SKU_TOTAL,12663.0,1,14,4,0,7,212,11834.0,8643.0,13760.0,15919.0,11237.42857142857,2511.2035532219634,11466.17857142857,2297.056120076971,1
2015-07-31,STORE_1019,SKU_TOTAL,11202.0,0,17,4,0,7,212,10141.0,7380.0,8880.0,17608.0,9899.142857142857,2521.960707371188,8740.892857142857,3191.165470822458,0
2015-07-31,STORE_102,SKU_TOTAL,12602.0,1,13,4,0,7,212,7241.0,4658.0,8787.0,12311.0,6508.714285714285,2128.2864558362094,7111.607142857143,2345.111058560881,1
2015-07-31,STORE_1020,SKU_TOTAL,10734.0,1,16,4,0,7,212,8020.0,7437.0,9327.0,12133.0,8593.714285714286,1026.2539832301338,8785.0,1411.9416890699042,1
2015-07-31,STORE_1021,SKU_TOTAL,10253.0,1,14,4,0,7,212,9427.0,8464.0,10456.0,12331.0,9188.142857142857,1005.8763059430258,9841.607142857143,1323.349659549101,1
2015-07-31,STORE_1022,SKU_TOTAL,9194.0,1,13,4,0,7,212,8021.0,4640.0,8004.0,11657.0,6904.0,1943.5001071950414,7255.071428571428,1898.3911693184891,1
2015-07-31,STORE_1023,SKU_TOTAL,7182.0,1,15,4,0,7,212,6348.0,4937.0,6699.0,9270.0,5946.714285714285,1250.856868215729,5874.857142857143,1499.074645790323,1
2015-07-31,STORE_1024,SKU_TOTAL,8337.0,1,14,4,0,7,212,7590.0,4745.0,6149.0,7842.0,6477.428571428572,1172.677684780228,6235.857142857143,1127.6173738460561,1
2015-07-31,STORE_1025,SKU_TOTAL,9701.0,1,16,4,0,7,212,7378.0,7162.0,8109.0,10134.0,7389.0,986.858483607056,7792.035714285715,1222.5512329534774,1
2015-07-31,STORE_1026,SKU_TOTAL,12263.0,1,13,4,0,7,212,9271.0,6621.0,9882.0,15828.0,9094.285714285714,2611.5463308346193,9345.392857142857,2689.645527233931,1
2015-07-31,STORE_1027,SKU_TOTAL,16273.0,0,17,4,0,7,212,17357.0,11881.0,15524.0,26232.0,15747.0,4521.291076672758,13538.142857142857,4834.413248814896,0
2015-07-31,STORE_1028,SKU_TOTAL,7322.0,1,13,4,0,7,212,6257.0,4099.0,6052.0,10555.0,5305.0,1727.6857353118019,5117.714285714285,2004.027275950154,1
2015-07-31,STORE_1029,SKU_TOTAL,5951.0,1,14,4,0,7,212,5735.0,5050.0,6508.0,8224.0,5056.142857142857,1577.6340332463046,5478.285714285715,1763.4633192407787,1
2015-07-31,STORE_103,SKU_TOTAL,5425.0,1,14,4,0,7,212,4461.0,3814.0,5036.0,6318.0,4513.857142857143,619.1882935399748,4853.0,709.5954507356064,1
2015-07-31,STORE_1030,SKU_TOTAL,5082.0,1,14,4,0,7,212,5189.0,3285.0,4918.0,5834.0,3832.714285714286,1488.4884630932222,3803.4285714285716,1327.8327211855026,1
2015-07-31,STORE_1031,SKU_TOTAL,6014.0,1,13,4,0,7,212,5854.0,3941.0,5553.0,7885.0,5145.0,1370.175901116265,4950.642857142857,1455.4207031925082,1
2015-07-31,STORE_1032,SKU_TOTAL,12802.0,1,14,4,0,7,212,10949.0,8272.0,10255.0,15332.0,9453.0,2856.9468551818395,9437.714285714286,2796.910158346644,1
2015-07-31,STORE_1033,SKU_TOTAL,18331.0,1,14,4,0,7,212,14554.0,11783.0,17784.0,19680.0,13772.0,3426.9514148876174,14556.57142857143,3464.709355867278,1
2015-07-31,STORE_1034,SKU_TOTAL,7229.0,1,15,4,0,7,212,8002.0,5078.0,7176.0,11375.0,6674.0,2482.1866032459575,6568.5,2359.137923212972,1
2015-07-31,STORE_1035,SKU_TOTAL,5853.0,1,15,4,0,7,212,6189.0,4308.0,5229.0,8123.0,5131.714285714285,2027.9862519493843,5000.464285714285,1797.4850224927743,1
2015-07-31,STORE_1036,SKU_TOTAL,6611.0,1,13,4,0,7,212,5685.0,4903.0,5277.0,7588.0,5147.714285714285,758.255830681436,5160.714285714285,1005.5237756976429,1
2015-07-31,STORE_1037,SKU_TOTAL,9329.0,1,13,4,0,7,212,8187.0,6204.0,6853.0,9522.0,6298.857142857143,1407.3425819101583,6324.25,1321.2949771597193,1
2015-07-31,STORE_1038,SKU_TOTAL,6649.0,0,17,4,0,7,212,6901.0,5210.0,5754.0,7157.0,6197.142857142857,993.9942032984427,5951.142857142857,1050.685727206477,0
2015-07-31,STORE_1039,SKU_TOTAL,9479.0,1,13,4,0,7,212,8861.0,5910.0,10563.0,11889.0,7861.714285714285,1569.5004209713159,8121.357142857143,1588.1434354078528,1
2015-07-31,STORE_104,SKU_TOTAL,10483.0,1,14,4,0,7,212,10463.0,8806.0,11580.0,12375.0,10241.142857142857,1161.8921964584233,10754.82142857143,1235.23370269128,1
2015-07-31,STORE_1040,SKU_TOTAL,10532.0,1,13,4,0,7,212,9822.0,6680.0,9488.0,15284.0,8442.285714285714,2365.9577845126223,8735.214285714286,2509.3568949942814,1
2015-07-31,STORE_1041,SKU_TOTAL,7213.0,0,17,4,0,7,212,6868.0,5449.0,6934.0,9035.0,6481.571428571428,966.7329616023503,6397.928571428572,1198.293104828773,0
2015-07-31,STORE_1042,SKU_TOTAL,6957.0,1,13,4,0,7,212,4996.0,3209.0,3828.0,6202.0,3807.4285714285716,1063.7632658234297,4069.1071428571427,1124.1068335713308,1
2015-07-31,STORE_1043,SKU_TOTAL,10404.0,1,14,4,0,7,212,8834.0,6449.0,8687.0,10748.0,8416.714285714286,1842.8257933843065,8326.035714285714,1565.024990503301,1
2015-07-31,STORE_1044,SKU_TOTAL,8060.0,1,15,4,0,7,212,7011.0,4598.0,6357.0,10413.0,6708.857142857143,1802.7062460435563,6069.892857142857,1852.9911422565333,1
2015-07-31,STORE_1045,SKU_TOTAL,12216.0,1,14,4,0,7,212,12042.0,9082.0,10725.0,9746.0,10267.57142857143,2947.516291000705,9388.42857142857,2610.622849316943,1
2015-07-31,STORE_1046,SKU_TOTAL,12558.0,1,14,4,0,7,212,12353.0,8392.0,10906.0,13440.0,9750.0,2522.019957626615,9452.07142857143,2321.019251337545,1
2015-07-31,STORE_1047,SKU_TOTAL,8711.0,1,13,4,0,7,212,5449.0,3275.0,5178.0,8388.0,4784.142857142857,1317.8680293784244,4987.75,1480.5251977295322,1
2015-07-31,STORE_1048,SKU_TOTAL,10307.0,1,14,4,0,7,212,9505.0,6246.0,7580.0,11638.0,8148.571428571428,2157.5502201295963,7773.071428571428,2273.7853074420086,1
2015-07-31,STORE_1049,SKU_TOTAL,5135.0,0,17,4,0,7,212,4909.0,3052.0,3964.0,6153.0,4145.285714285715,968.5297645207813,3917.25,1007.2612160747212,0
2015-07-31,STORE_105,SKU_TOTAL,6456.0,1,15,4,0,7,212,6561.0,5191.0,6439.0,8517.0,5663.142857142857,1399.8462330524194,5336.607142857143,1461.846760457137,1
2015-07-31,STORE_1050,SKU_TOTAL,9743.0,1,16,4,0,7,212,8373.0,5765.0,6677.0,9905.0,7712.142857142857,1587.2747534240693,7304.714285714285,1365.1059070880922,1
2015-07-31,STORE_1051,SKU_TOTAL,11208.0,1,15,4,0,7,212,10769.0,7197.0,9999.0,13627.0,8884.857142857143,2130.027263407032,8402.642857142857,2408.610037380453,1
2015-07-31,STORE_1052,SKU_TOTAL,10342.0,1,13,4,0,7,212,8886.0,5649.0,8255.0,10693.0,7116.714285714285,2121.3436555075914,7093.0,1690.4410776592324,1
2015-07-31,STORE_1053,SKU_TOTAL,11436.0,1,13,4,0,7,212,9142.0,6349.0,10002.0,13526.0,8283.285714285714,2213.979879032786,8674.535714285714,2473.2673618357917,1
2015-07-31,STORE_1054,SKU_TOTAL,8918.0,1,14,4,0,7,212,7504.0,5070.0,7062.0,10041.0,6443.428571428572,1738.7571094648463,6610.107142857143,1855.1835756084238,1
2015-07-31,STORE_1055,SKU_TOTAL,10090.0,1,14,4,0,7,212,8042.0,5517.0,9055.0,10531.0,7536.0,1652.0955379961472,7824.071428571428,1809.4196108263377,1
2015-07-31,STORE_1056,SKU_TOTAL,6546.0,0,17,4,0,7,212,5125.0,4271.0,4357.0,8116.0,5396.428571428572,979.2016913695854,4771.071428571428,1254.5922438840048,0
2015-07-31,STORE_1057,SKU_TOTAL,7277.0,1,14,4,0,7,212,6945.0,4198.0,6315.0,8387.0,6034.714285714285,1160.5584452159285,6331.821428571428,1160.8888055209902,1
2015-07-31,STORE_1058,SKU_TOTAL,9202.0,1,13,4,0,7,212,7404.0,5600.0,8222.0,11381.0,7197.142857142857,2159.436070564986,7164.214285714285,1956.9097966900963,1
2015-07-31,STORE_1059,SKU_TOTAL,11672.0,1,13,4,0,7,212,9728.0,6329.0,9771.0,11553.0,8884.285714285714,1980.8390237712858,9052.32142857143,1773.476499099301,1
2015-07-31,STORE_106,SKU_TOTAL,10845.0,1,14,4,0,7,212,8253.0,8584.0,11967.0,11915.0,8420.285714285714,1424.649865087966,9266.214285714286,1791.7034592015054,1
2015-07-31,STORE_1060,SKU_TOTAL,11782.0,1,13,4,0,7,212,8660.0,6348.0,7995.0,11688.0,7031.0,1854.0544760065482,7352.642857142857,1809.6580240536614,1
2015-07-31,STORE_1061,SKU_TOTAL,11382.0,1,15,4,0,7,212,8173.0,7439.0,8629.0,11105.0,9015.142857142857,1509.7375520899216,8597.214285714286,1424.9403459157445,1
2015-07-31,STORE_1062,SKU_TOTAL,9389.0,1,16,4,0,7,212,7165.0,5818.0,7150.0,9139.0,6831.714285714285,1425.726798780791,6489.285714285715,1554.1339342910273,1
2015-07-31,STORE_1063,SKU_TOTAL,4802.0,1,13,4,0,7,212,4779.0,3373.0,4670.0,6858.0,4321.285714285715,1301.0186668254144,4599.0,1218.5186817519584,1
2015-07-31,STORE_1064,SKU_TOTAL,12689.0,1,13,4,0,7,212,9652.0,7525.0,11088.0,13370.0,9295.857142857143,1841.954345124727,9769.642857142857,1887.0598376014111,1
2015-07-31,STORE_1065,SKU_TOTAL,6180.0,0,17,4,0,7,212,5147.0,4545.0,4805.0,6623.0,4672.571428571428,1028.5230279615416,4448.428571428572,1113.451804361425,0
2015-07-31,STORE_1066,SKU_TOTAL,10664.0,1,13,4,0,7,212,10072.0,8201.0,9559.0,12426.0,9079.142857142857,1379.7939977368283,9285.857142857143,1446.8089206631657,1
2015-07-31,STORE_1067,SKU_TOTAL,6789.0,0,17,4,0,7,212,6979.0,5755.0,5864.0,8469.0,6612.714285714285,1233.348654988422,6441.035714285715,1042.6382307202102,0
2015-07-31,STORE_1068,SKU_TOTAL,5946.0,1,15,4,0,7,212,5025.0,3683.0,5148.0,7159.0,5221.571428571428,1370.1768568499826,4735.071428571428,1116.4931516461238,1
2015-07-31,STORE_1069,SKU_TOTAL,7746.0,1,13,4,0,7,212,7384.0,5262.0,9577.0,9873.0,6711.428571428572,2460.496891357665,6517.678571428572,2376.263781553827,1
2015-07-31,STORE_107,SKU_TOTAL,9194.0,1,13,4,0,7,212,8132.0,7008.0,8392.0,10046.0,7541.142857142857,724.0479792046234,7872.071428571428,951.488927888736,1
2015-07-31,STORE_1070,SKU_TOTAL,9442.0,1,13,4,0,7,212,8867.0,5877.0,7691.0,10420.0,8143.428571428572,2012.301158470271,7506.571428571428,1676.646574400949,1
2015-07-31,STORE_1071,SKU_TOTAL,7241.0,1,14,4,0,7,212,6093.0,4864.0,7368.0,7988.0,5769.285714285715,1330.957263812401,6235.25,1345.2986898140807,1
2015-07-31,STORE_1072,SKU_TOTAL,10270.0,1,13,4,0,7,212,7739.0,5756.0,8031.0,10957.0,7030.285714285715,1828.572185639678,7191.642857142857,1789.413378204136,1
2015-07-31,STORE_1073,SKU_TOTAL,9413.0,1,13,4,0,7,212,7648.0,7499.0,11649.0,16729.0,7022.857142857143,1036.2754506035797,9318.57142857143,2675.7725146703383,1
2015-07-31,STORE_1074,SKU_TOTAL,6789.0,1,15,4,0,7,212,6419.0,4833.0,5439.0,8319.0,5890.428571428572,1461.2713479640515,5229.75,1470.4326303407977,1
2015-07-31,STORE_1075,SKU_TOTAL,11662.0,1,14,4,0,7,212,11007.0,10188.0,12288.0,14523.0,11160.714285714286,1017.2074049878706,11773.142857142857,1194.5347370820798,1
2015-07-31,STORE_1076,SKU_TOTAL,5950.0,1,13,4,0,7,212,4143.0,2994.0,4716.0,6228.0,3430.1428571428573,620.5203269758488,3936.6071428571427,1110.315081717108,1
2015-07-31,STORE_1077,SKU_TOTAL,5616.0,1,13,4,0,7,212,5024.0,3215.0,4482.0,6736.0,4368.428571428572,1436.1797539702586,4409.571428571428,1184.0904128573713,1
2015-07-31,STORE_1078,SKU_TOTAL,9732.0,1,15,4,0,7,212,9973.0,6938.0,9839.0,9944.0,8809.0,2815.292524765425,8056.607142857143,2363.786562704377,1
2015-07-31,STORE_1079,SKU_TOTAL,10418.0,1,16,4,0,7,212,9720.0,7513.0,11093.0,14169.0,9215.714285714286,2185.363029665467,8896.82142857143,2558.655999247922,1
2015-07-31,STORE_108,SKU_TOTAL,14927.0,0,17,4,0,7,212,14082.0,12103.0,12209.0,16675.0,13467.57142857143,2106.525801499144,12652.32142857143,1971.484927353889,0
2015-07-31,STORE_1080,SKU_TOTAL,12042.0,0,17,4,0,7,212,12809.0,9928.0,10809.0,15960.0,11707.0,1405.1566935163696,11170.82142857143,1947.1584434680283,0
2015-07-31,STORE_1081,SKU_TOTAL,7641.0,1,14,4,0,7,212,7135.0,5797.0,7548.0,8499.0,6468.571428571428,2018.448237065787,6376.857142857143,1980.3117920295258,1
2015-07-31,STORE_1082,SKU_TOTAL,7915.0,1,15,4,0,7,212,7795.0,5508.0,7392.0,9688.0,7039.428571428572,1950.7768415977478,6757.678571428572,1724.578811780644,1
2015-07-31,STORE_1083,SKU_TOTAL,7655.0,1,16,4,0,7,212,5347.0,4901.0,6463.0,7663.0,5995.857142857143,954.3892337633412,5916.142857142857,878.4810423676572,1
2015-07-31,STORE_1084,SKU_TOTAL,9674.0,1,16,4,0,7,212,6748.0,5944.0,6680.0,9392.0,6281.571428571428,760.133728835866,6337.642857142857,1160.9532231075602,1
2015-07-31,STORE_1085,SKU_TOTAL,9512.0,1,14,4,0,7,212,7836.0,6592.0,8617.0,10034.0,7176.428571428572,1700.4724693588773,7323.714285714285,1720.2333790237383,1
2015-07-31,STORE_1086,SKU_TOTAL,8226.0,1,16,4,0,7,212,7626.0,5079.0,7021.0,10321.0,6672.571428571428,2620.778119639399,6243.0,2263.2325619852127,1
2015-07-31,STORE_1087,SKU_TOTAL,9857.0,1,13,4,0,7,212,7293.0,5727.0,8086.0,8884.0,6687.857142857143,1276.3398748727445,6782.5,1277.7358592160203,1
2015-07-31,STORE_1088,SKU_TOTAL,6800.0,1,13,4,0,7,212,5424.0,4076.0,5283.0,9126.0,4896.714285714285,1521.9831048430572,4920.392857142857,1561.4429779152435,1
2015-07-31,STORE_1089,SKU_TOTAL,13716.0,1,13,4,0,7,212,10435.0,8274.0,10620.0,15555.0,10026.57142857143,2053.1662424285946,10550.42857142857,2065.2165419346375,1
2015-07-31,STORE_109,SKU_TOTAL,9013.0,1,14,4,0,7,212,6082.0,5625.0,7723.0,8650.0,6021.428571428572,854.9395411648591,6812.428571428572,1356.3058605277834,1
2015-07-31,STORE_1090,SKU_TOTAL,7436.0,1,15,4,0,7,212,8530.0,5617.0,8634.0,11826.0,6816.142857142857,2217.952616609209,6837.964285714285,2316.2780246694447,1
2015-07-31,STORE_1091,SKU_TOTAL,10538.0,1,14,4,0,7,212,8657.0,7643.0,10312.0,14974.0,8891.42857142857,2097.09567872206,9237.25,2223.3090724149124,1
2015-07-31,STORE_1092,SKU_TOTAL,16726.0,0,17,4,0,7,212,14999.0,11442.0,12501.0,17030.0,14009.857142857143,2201.694077188161,12619.035714285714,2174.4087230728765,0
2015-07-31,STORE_1093,SKU_TOTAL,11778.0,1,15,4,0,7,212,8776.0,7534.0,10008.0,10812.0,8675.714285714286,1832.3103552880507,8698.42857142857,1657.153749736392,1
2015-07-31,STORE_1094,SKU_TOTAL,5826.0,0,17,4,0,7,212,5664.0,5000.0,5591.0,6605.0,5434.142857142857,774.7538165058655,5019.535714285715,992.7013456422902,0
2015-07-31,STORE_1095,SKU_TOTAL,4958.0,1,13,4,0,7,212,5275.0,3874.0,5060.0,8551.0,4735.142857142857,1058.2438957333652,4776.142857142857,1296.3342251441752,1
2015-07-31,STORE_1096,SKU_TOTAL,9318.0,1,13,4,0,7,212,6139.0,4172.0,6175.0,9490.0,5730.142857142857,1461.2509969852779,5960.285714285715,1404.142175378749,1
2015-07-31,STORE_1097,SKU_TOTAL,11443.0,1,16,4,0,7,212,10324.0,9948.0,10876.0,12688.0,10361.57142857143,1622.0409835703686,10686.785714285714,1564.871651515234,1
2015-07-31,STORE_1098,SKU_TOTAL,6410.0,1,15,4,0,7,212,5708.0,4189.0,5612.0,7996.0,5040.142857142857,1541.735215979297,5280.75,1455.738265674001,1
2015-07-31,STORE_1099,SKU_TOTAL,12074.0,1,14,4,0,7,212,9270.0,11643.0,8239.0,9259.0,9443.857142857143,2439.4878853681444,8535.25,1937.2373920002196,1
2015-07-31,STORE_11,SKU_TOTAL,10457.0,1,14,4,0,7,212,7361.0,6151.0,9645.0,11296.0,6932.571428571428,1404.4837553521797,7657.857142857143,1739.795980254771,1
2015-07-31,STORE_110,SKU_TOTAL,6058.0,1,14,4,0,7,212,5680.0,4910.0,5370.0,6153.0,5443.571428571428,1562.5512105895154,5035.035714285715,1205.7214063737424,1
2015-07-31,STORE_1100,SKU_TOTAL,7270.0,1,13,4,0,7,212,5303.0,3477.0,6236.0,9495.0,5004.857142857143,1790.1230338138485,5155.964285714285,1896.6560531266582,1
2015-07-31,STORE_1101,SKU_TOTAL,13501.0,1,14,4,0,7,212,11520.0,9021.0,11948.0,15702.0,10544.714285714286,2498.4537027455262,10612.42857142857,2488.786576695617,1
2015-07-31,STORE_1102,SKU_TOTAL,7211.0,0,17,4,0,7,212,8455.0,6005.0,7509.0,9420.0,7488.571428571428,1220.809274913567,7036.857142857143,1354.4750442525374,0
2015-07-31,STORE_1103,SKU_TOTAL,8628.0,1,16,4,0,7,212,7030.0,5154.0,5818.0,8345.0,6744.714285714285,1479.6989236877102,6058.821428571428,1398.2533298149058,1
2015-07-31,STORE_1104,SKU_TOTAL,6878.0,0,17,4,0,7,212,5989.0,4745.0,6078.0,7858.0,5821.857142857143,1061.4864465413823,5725.285714285715,1192.7069385517764,0
2015-07-31,STORE_1105,SKU_TOTAL,7994.0,1,13,4,0,7,212,6062.0,3653.0,6046.0,8733.0,5181.857142857143,1422.0948665698659,5181.428571428572,1381.1863775476822,1
2015-07-31,STORE_1106,SKU_TOTAL,5901.0,1,14,4,0,7,212,5560.0,5004.0,5987.0,8233.0,5229.714285714285,1279.8821188280592,5294.035714285715,1429.9648398199215,1
2015-07-31,STORE_1107,SKU_TOTAL,9433.0,0,17,4,0,7,212,8198.0,5075.0,8103.0,12046.0,7646.285714285715,2287.0924565400783,6563.285714285715,2520.028275225594,0
2015-07-31,STORE_1108,SKU_TOTAL,6602.0,1,15,4,0,7,212,7187.0,4695.0,6937.0,10085.0,6232.0,2821.680350429621,6192.571428571428,2386.3179048184256,1
2015-07-31,STORE_1109,SKU_TOTAL,5263.0,0,17,4,0,7,212,5520.0,4846.0,4407.0,9231.0,5612.0,1459.2832715642526,5036.0,1557.7294730185351,0
2015-07-31,STORE_111,SKU_TOTAL,8897.0,1,16,4,0,7,212,8446.0,6827.0,7559.0,10544.0,7373.571428571428,1227.0587947262125,7100.071428571428,1559.0952487610284,1
2015-07-31,STORE_1110,SKU_TOTAL,6198.0,1,14,4,0,7,212,4459.0,3901.0,5397.0,7395.0,4506.428571428572,1250.3140748287979,4594.071428571428,1314.3174239903756,1
2015-07-31,STORE_1111,SKU_TOTAL,5723.0,1,13,4,0,7,212,5263.0,3587.0,6254.0,9872.0,4912.428571428572,1910.243078523867,4827.571428571428,1991.4021196423087,1
2015-07-31,STORE_1112,SKU_TOTAL,9626.0,1,13,4,0,7,212,9652.0,6730.0,9459.0,14272.0,8851.857142857143,2894.0183959662672,8687.57142857143,2632.181427786413,1
2015-07-31,STORE_1113,SKU_TOTAL,7289.0,1,14,4,0,7,212,7491.0,6410.0,7955.0,8641.0,6539.142857142857,924.2709610955683,6789.214285714285,1276.259475450556,1
2015-07-31,STORE_1114,SKU_TOTAL,27508.0,1,13,4,0,7,212,24395.0,20564.0,25750.0,28719.0,23425.14285714286,2860.2357961406065,23482.60714285714,3021.4996686015793,1
2015-07-31,STORE_1115,SKU_TOTAL,8680.0,1,16,4,0,7,212,8405.0,6150.0,6039.0,11006.0,7676.285714285715,1649.1395447610062,7161.535714285715,1596.535774781893,1
2015-07-31,STORE_112,SKU_TOTAL,7834.0,1,13,4,0,7,212,6071.0,7637.0,7363.0,9282.0,6597.857142857143,790.3025641210683,6652.857142857143,827.5261532973295,1
2015-07-31,STORE_113,SKU_TOTAL,8453.0,0,17,4,0,7,212,6819.0,5056.0,7152.0,7801.0,6125.142857142857,854.0916087807323,5916.392857142857,946.1266589422266,0
2015-07-31,STORE_114,SKU_TOTAL,5750.0,1,13,4,0,7,212,5272.0,3562.0,5832.0,7683.0,5464.285714285715,1330.4749420517965,5398.464285714285,1157.8739930845336,1
2015-07-31,STORE_115,SKU_TOTAL,9716.0,0,17,4,0,7,212,9370.0,7211.0,6933.0,9476.0,8945.142857142857,1218.2318373459484,8300.17857142857,1548.1069216967687,0
2015-07-31,STORE_116,SKU_TOTAL,8083.0,1,14,4,0,7,212,7138.0,6232.0,7756.0,9836.0,6787.857142857143,868.3590710010401,7206.428571428572,1200.2340336157226,1
2015-07-31,STORE_117,SKU_TOTAL,4487.0,1,13,4,0,7,212,3921.0,2598.0,4153.0,5620.0,3428.0,1092.9608105199277,3714.4285714285716,995.6879783662007,1
2015-07-31,STORE_118,SKU_TOTAL,10779.0,1,14,4,0,7,212,8263.0,5971.0,9868.0,13495.0,8658.857142857143,2539.276499882732,8823.892857142857,2379.0347768742386,1
2015-07-31,STORE_119,SKU_TOTAL,7038.0,1,14,4,0,7,212,5737.0,4794.0,6802.0,9415.0,5701.428571428572,1155.2847927589808,6145.285714285715,1363.559064635914,1
2015-07-31,STORE_12,SKU_TOTAL,8959.0,1,14,4,0,7,212,7996.0,5784.0,10008.0,13738.0,7618.285714285715,1943.877114967576,7897.892857142857,2318.7533901628162,1
2015-07-31,STORE_120,SKU_TOTAL,10392.0,1,16,4,0,7,212,7749.0,5869.0,8213.0,12871.0,7650.428571428572,1613.935547777659,7405.857142857143,1860.2408588432622,1
2015-07-31,STORE_121,SKU_TOTAL,4565.0,1,15,4,0,7,212,4422.0,3895.0,5038.0,7011.0,4351.285714285715,1369.6166999423488,4292.678571428572,1292.8895588465496,1
2015-07-31,STORE_122,SKU_TOTAL,12336.0,1,14,4,0,7,212,10576.0,7956.0,8998.0,9151.0,10086.857142857143,2956.6415310038947,8614.75,2452.545912659788,1
2015-07-31,STORE_123,SKU_TOTAL,10750.0,1,14,4,0,7,212,9735.0,6466.0,11223.0,13280.0,8364.714285714286,2971.633709722911,8581.0,2813.8953625022523,1
2015-07-31,STORE_124,SKU_TOTAL,7464.0,1,13,4,0,7,212,4046.0,3217.0,4600.0,5879.0,3821.4285714285716,1026.2523823991228,4424.107142857143,1282.096441142552,1
2015-07-31,STORE_125,SKU_TOTAL,18227.0,1,14,4,0,7,212,13146.0,10568.0,15654.0,17110.0,12033.142857142857,2384.4216928899164,12499.142857142857,3007.9700638078266,1
2015-07-31,STORE_126,SKU_TOTAL,8742.0,1,13,4,0,7,212,6659.0,3865.0,6426.0,8240.0,5564.285714285715,1800.9789665885758,5419.321428571428,1532.9185683855326,1
2015-07-31,STORE_127,SKU_TOTAL,8560.0,0,17,4,0,7,212,6568.0,4867.0,5454.0,9441.0,6094.285714285715,1481.3400143432812,5482.535714285715,1755.2290656067955,0
2015-07-31,STORE_128,SKU_TOTAL,9581.0,1,16,4,0,7,212,8895.0,7836.0,9433.0,14550.0,9056.714285714286,1607.7634272787247,8878.32142857143,2091.685675939867,1
2015-07-31,STORE_129,SKU_TOTAL,10241.0,0,17,4,0,7,212,9903.0,7224.0,10136.0,14183.0,8938.42857142857,1728.2521861832981,8535.214285714286,2146.4736517290016,0
2015-07-31,STORE_13,SKU_TOTAL,8821.0,0,17,4,0,7,212,7648.0,3959.0,10334.0,6741.0,5834.857142857143,1848.9830924564917,5425.714285714285,1960.386901668251,0
2015-07-31,STORE_130,SKU_TOTAL,5404.0,1,16,4,0,7,212,5773.0,5161.0,6018.0,7920.0,5248.714285714285,682.6142674268344,5390.607142857143,1154.4149821696835,1
2015-07-31,STORE_131,SKU_TOTAL,5291.0,1,13,4,0,7,212,4608.0,4092.0,5759.0,7987.0,4365.142857142857,793.5305977233224,5015.142857142857,1147.6192010799437,1
2015-07-31,STORE_132,SKU_TOTAL,10387.0,0,17,4,0,7,212,9173.0,6530.0,7141.0,11607.0,7977.571428571428,1452.9583450259936,7697.964285714285,1546.164345683423,0
2015-07-31,STORE_133,SKU_TOTAL,8519.0,1,13,4,0,7,212,7083.0,4697.0,7035.0,9152.0,5917.714285714285,1867.106648827209,6031.535714285715,1744.7397021638124,1
2015-07-31,STORE_134,SKU_TOTAL,4872.0,1,14,4,0,7,212,4963.0,3632.0,5502.0,6049.0,4279.714285714285,1022.7985650954178,4662.464285714285,954.4741225033506,1
2015-07-31,STORE_135,SKU_TOTAL,7475.0,1,16,4,0,7,212,6568.0,5388.0,6606.0,10957.0,6583.142857142857,981.6663432773236,6441.75,1368.2270935884612,1
2015-07-31,STORE_136,SKU_TOTAL,9568.0,0,17,4,0,7,212,7977.0,4098.0,7074.0,8488.0,6410.571428571428,1914.9851920351466,5784.25,1514.3803677239896,0
2015-07-31,STORE_137,SKU_TOTAL,9047.0,0,17,4,0,7,212,8026.0,7162.0,8031.0,12070.0,7376.857142857143,1108.2683833456285,7851.142857142857,1820.697052398883,0
2015-07-31,STORE_138,SKU_TOTAL,10130.0,1,15,4,0,7,212,10018.0,6434.0,9261.0,12679.0,8153.142857142857,3040.5234981589856,8051.821428571428,2581.4973124795074,1
2015-07-31,STORE_139,SKU_TOTAL,7972.0,0,17,4,0,7,212,8083.0,6042.0,6210.0,11789.0,7560.714285714285,1635.7984507353885,6699.642857142857,1972.6899516909937,0
2015-07-31,STORE_14,SKU_TOTAL,6544.0,1,13,4,0,7,212,5672.0,4080.0,6143.0,8671.0,5066.0,1238.4809243583488,5466.821428571428,1570.8552295218403,1
2015-07-31,STORE_140,SKU_TOTAL,9828.0,1,16,4,0,7,212,9419.0,6679.0,9093.0,12514.0,7875.857142857143,1455.030289326261,7775.642857142857,1679.303145030773,1
2015-07-31,STORE_141,SKU_TOTAL,8689.0,1,15,4,0,7,212,6558.0,4753.0,6454.0,8734.0,6081.857142857143,1551.9331416623822,5725.214285714285,1340.7281149833248,1
2015-07-31,STORE_142,SKU_TOTAL,5283.0,1,13,4,0,7,212,4181.0,3498.0,4952.0,6280.0,4161.714285714285,847.2903308555955,4443.75,922.6627177579145,1
2015-07-31,STORE_143,SKU_TOTAL,8382.0,1,16,4,0,7,212,6740.0,5058.0,6634.0,10736.0,6715.857142857143,1806.053748606844,6709.357142857143,1866.5716089742061,1
2015-07-31,STORE_144,SKU_TOTAL,8568.0,0,17,4,0,7,212,9142.0,7514.0,7525.0,9325.0,8415.285714285714,1661.282808984787,7690.214285714285,1397.9484798736567,0
2015-07-31,STORE_145,SKU_TOTAL,10893.0,0,17,4,0,7,212,10475.0,7038.0,9101.0,12121.0,8609.142857142857,2118.316818338797,8252.714285714286,1940.1170804140968,0
2015-07-31,STORE_146,SKU_TOTAL,10130.0,1,13,4,0,7,212,8798.0,5933.0,9140.0,13662.0,7986.714285714285,2048.7986491507045,8321.142857142857,2006.76274621016,1
2015-07-31,STORE_147,SKU_TOTAL,11338.0,1,13,4,0,7,212,8504.0,6204.0,8490.0,12261.0,7834.428571428572,1441.4364198190456,8228.67857142857,1794.3108870884178,1
2015-07-31,STORE_148,SKU_TOTAL,9996.0,1,14,4,0,7,212,9151.0,7140.0,9899.0,12839.0,8326.857142857143,1266.0124312937362,9008.67857142857,1712.062024092268,1
2015-07-31,STORE_149,SKU_TOTAL,7144.0,0,17,4,0,7,212,6362.0,5227.0,5675.0,9070.0,6681.285714285715,1827.559092914627,5809.821428571428,1738.2116619520423,0
2015-07-31,STORE_15,SKU_TOTAL,9191.0,1,14,4,0,7,212,8891.0,5623.0,7885.0,11290.0,7018.571428571428,1660.484653862835,7050.678571428572,1815.503563519929,1
2015-07-31,STORE_150,SKU_TOTAL,10826.0,1,14,4,0,7,212,11755.0,7575.0,9680.0,13635.0,9892.714285714286,2519.125556900345,9275.964285714286,1995.3202375882884,1
2015-07-31,STORE_151,SKU_TOTAL,10607.0,1,14,4,0,7,212,7293.0,5879.0,7254.0,11469.0,7059.714285714285,1608.660075371676,7325.75,1645.3444899901135,1
2015-07-31,STORE_152,SKU_TOTAL,6901.0,1,13,4,0,7,212,6227.0,4170.0,7019.0,9518.0,5476.571428571428,1799.295867567939,5656.892857142857,1792.6878297020596,1
2015-07-31,STORE_153,SKU_TOTAL,8392.0,1,13,4,0,7,212,7587.0,3967.0,7386.0,9786.0,6078.0,2459.2073926367943,6219.142857142857,2056.470758079478,1
2015-07-31,STORE_154,SKU_TOTAL,10751.0,1,16,4,0,7,212,10780.0,8266.0,9569.0,14282.0,9473.714285714286,2028.8620549694851,9280.642857142857,2018.9018139552354,1
2015-07-31,STORE_155,SKU_TOTAL,8658.0,0,17,4,0,7,212,7854.0,6037.0,5601.0,12958.0,7452.428571428572,1208.1543578452315,6743.714285714285,1949.881000303368,0
2015-07-31,STORE_156,SKU_TOTAL,8828.0,1,13,4,0,7,212,8828.0,6454.0,7676.0,11312.0,7191.285714285715,2589.9709595723184,6941.892857142857,2519.1631964439334,1
2015-07-31,STORE_157,SKU_TOTAL,10975.0,1,13,4,0,7,212,10797.0,8075.0,11648.0,15711.0,9443.57142857143,2137.166571042276,10078.92857142857,2479.2634947077963,1
2015-07-31,STORE_158,SKU_TOTAL,11335.0,1,16,4,0,7,212,9662.0,7479.0,7835.0,9566.0,8891.285714285714,1020.7313904393077,8584.214285714286,1169.914823019973,1
2015-07-31,STORE_159,SKU_TOTAL,9758.0,0,17,4,0,7,212,8741.0,6104.0,8448.0,12197.0,8512.285714285714,2095.044765972344,8022.107142857143,1967.8858431827412,0
2015-07-31,STORE_16,SKU_TOTAL,10231.0,1,15,4,0,7,212,10226.0,7865.0,10099.0,12614.0,8771.857142857143,1559.1882961517779,8444.75,1964.1694998330083,1
2015-07-31,STORE_160,SKU_TOTAL,7839.0,1,16,4,0,7,212,6442.0,5525.0,5926.0,7695.0,5790.571428571428,846.0947262060137,5789.75,1102.0903917017367,1
2015-07-31,STORE_161,SKU_TOTAL,9373.0,1,13,4,0,7,212,6558.0,6515.0,8127.0,9836.0,6957.0,1031.787768874722,7273.035714285715,1242.4371653280405,1
2015-07-31,STORE_162,SKU_TOTAL,10735.0,1,16,4,0,7,212,9618.0,7160.0,8723.0,14082.0,8739.57142857143,2143.3180551924365,8215.25,2343.775517391988,1
2015-07-31,STORE_163,SKU_TOTAL,7118.0,1,14,4,0,7,212,6122.0,5215.0,7270.0,8468.0,5983.857142857143,858.0364072636354,6668.535714285715,1017.9605421350483,1
2015-07-31,STORE_164,SKU_TOTAL,9240.0,0,17,4,0,7,212,8844.0,6027.0,7490.0,12292.0,7269.428571428572,2149.0561383346335,6817.178571428572,2185.0091965832594,0
2015-07-31,STORE_165,SKU_TOTAL,5009.0,0,17,4,0,7,212,4504.0,3764.0,4256.0,5385.0,4428.285714285715,955.0184490859347,4037.3214285714284,863.7942164730492,0
2015-07-31,STORE_166,SKU_TOTAL,6588.0,1,13,4,0,7,212,7130.0,4782.0,5876.0,9464.0,5412.142857142857,1198.0874242682858,5644.821428571428,1273.3522120057496,1
2015-07-31,STORE_167,SKU_TOTAL,13355.0,1,14,4,0,7,212,11616.0,7923.0,12141.0,14757.0,9756.714285714286,3074.3600805308183,9759.57142857143,2977.0844975950076,1
2015-07-31,STORE_168,SKU_TOTAL,11285.0,1,15,4,0,7,212,8956.0,6574.0,9393.0,11766.0,8544.714285714286,2695.422336374788,8094.0,2163.03839797433,1
2015-07-31,STORE_169,SKU_TOTAL,7551.0,1,13,4,0,7,212,7626.0,4268.0,6704.0,9727.0,5857.0,1534.1934906216832,5923.464285714285,1597.607435259271,1
2015-07-31,STORE_17,SKU_TOTAL,8430.0,1,13,4,0,7,212,7555.0,5328.0,8172.0,10474.0,6383.714285714285,2368.4781129298676,6358.464285714285,2335.075896651256,1
2015-07-31,STORE_170,SKU_TOTAL,5915.0,1,13,4,0,7,212,4771.0,3705.0,4930.0,7556.0,4206.0,965.1267619674875,4222.464285714285,1136.1049600096285,1
2015-07-31,STORE_171,SKU_TOTAL,8733.0,1,13,4,0,7,212,8999.0,6687.0,8308.0,14236.0,7823.714285714285,2029.197929748208,8153.892857142857,2397.628169660005,1
2015-07-31,STORE_172,SKU_TOTAL,7780.0,0,17,4,0,7,212,7212.0,6342.0,7407.0,8803.0,7300.0,677.2815761058728,7084.071428571428,849.1473251998743,0
2015-07-31,STORE_173,SKU_TOTAL,11034.0,1,14,4,0,7,212,8416.0,6933.0,10032.0,12288.0,8065.285714285715,2015.1566286754112,8456.035714285714,2104.0598407583743,1
2015-07-31,STORE_174,SKU_TOTAL,6546.0,0,17,4,0,7,212,6479.0,5962.0,5924.0,8601.0,6505.428571428572,777.1316613332705,6276.035714285715,955.6691075479937,0
2015-07-31,STORE_175,SKU_TOTAL,7893.0,1,13,4,0,7,212,5710.0,4727.0,7787.0,8409.0,5672.0,955.6700964936732,6368.25,1296.2761087052013,1
2015-07-31,STORE_176,SKU_TOTAL,7157.0,1,13,4,0,7,212,5464.0,4087.0,5825.0,9121.0,4759.714285714285,1639.711327671431,5075.535714285715,1584.4198022582736,1
2015-07-31,STORE_177,SKU_TOTAL,5012.0,1,14,4,0,7,212,4517.0,3050.0,4838.0,6309.0,3411.8571428571427,1236.9758052830703,3837.25,1355.0840243182834,1
2015-07-31,STORE_178,SKU_TOTAL,12816.0,1,15,4,0,7,212,12112.0,9254.0,11566.0,15655.0,10561.42857142857,2777.103158397361,10366.714285714286,2621.688159227393,1
2015-07-31,STORE_179,SKU_TOTAL,10635.0,1,13,4,0,7,212,9668.0,5068.0,8268.0,12945.0,6986.0,2182.881352707756,7431.035714285715,2128.0946700283525,1
2015-07-31,STORE_18,SKU_TOTAL,10071.0,1,13,4,0,7,212,7361.0,6450.0,7933.0,11224.0,7175.428571428572,1720.768322304556,7160.821428571428,1754.7139695913952,1
2015-07-31,STORE_180,SKU_TOTAL,9708.0,1,13,4,0,7,212,8365.0,6049.0,8774.0,10403.0,7272.857142857143,1244.3176749486965,7543.107142857143,1654.531137329072,1
2015-07-31,STORE_181,SKU_TOTAL,8398.0,0,17,4,0,7,212,7860.0,5290.0,7945.0,11647.0,6635.714285714285,2344.6317204970824,6487.428571428572,2330.552317760707,0
2015-07-31,STORE_182,SKU_TOTAL,6755.0,1,16,4,0,7,212,5812.0,5155.0,5437.0,7787.0,6148.0,1441.3113242226755,5714.0,1310.5020242468474,1
2015-07-31,STORE_183,SKU_TOTAL,5588.0,0,17,4,0,7,212,6066.0,4979.0,5156.0,13260.0,5421.714285714285,1329.4724159458913,5797.285714285715,2313.4688538136193,0
2015-07-31,STORE_184,SKU_TOTAL,8190.0,1,13,4,0,7,212,6370.0,5489.0,7534.0,10004.0,6390.428571428572,1568.097239452995,6529.678571428572,1547.0332432820605,1
2015-07-31,STORE_185,SKU_TOTAL,7958.0,1,14,4,0,7,212,7120.0,5231.0,7659.0,10294.0,6609.857142857143,1886.5490919108513,6760.714285714285,1897.149750178659,1
2015-07-31,STORE_186,SKU_TOTAL,4957.0,0,17,4,0,7,212,4278.0,3535.0,4051.0,6049.0,4378.285714285715,876.061587310489,4091.3571428571427,971.5694525135834,0
2015-07-31,STORE_187,SKU_TOTAL,8074.0,1,14,4,0,7,212,6673.0,5244.0,7140.0,9348.0,6301.428571428572,1539.7124035719892,6559.75,1642.4359196022638,1
2015-07-31,STORE_188,SKU_TOTAL,9660.0,1,16,4,0,7,212,7630.0,4647.0,6805.0,8639.0,6550.142857142857,2181.514949797425,5805.535714285715,1685.4752815163883,1
2015-07-31,STORE_189,SKU_TOTAL,11094.0,1,16,4,0,7,212,9207.0,8031.0,9359.0,11874.0,8836.857142857143,1395.8172550599534,8744.32142857143,1609.0837064425118,1
2015-07-31,STORE_19,SKU_TOTAL,8234.0,1,13,4,0,7,212,8400.0,5465.0,7485.0,11782.0,6640.142857142857,1910.3370931652116,6749.571428571428,1983.2398564072275,1
2015-07-31,STORE_190,SKU_TOTAL,9772.0,0,17,4,0,7,212,9079.0,6945.0,8175.0,12172.0,8680.857142857143,1500.2841318196156,8061.0,1643.1193009142812,0
2015-07-31,STORE_191,SKU_TOTAL,8592.0,0,17,4,0,7,212,7531.0,5930.0,7740.0,9627.0,7330.857142857143,1270.7692458466508,6992.107142857143,1215.9513373329314,0
2015-07-31,STORE_192,SKU_TOTAL,16191.0,0,17,4,0,7,212,15620.0,10178.0,13958.0,19222.0,14402.714285714286,2630.1048593978526,13409.07142857143,2864.6178328082224,0
2015-07-31,STORE_193,SKU_TOTAL,5904.0,1,15,4,0,7,212,6288.0,4060.0,7272.0,9248.0,5971.857142857143,1980.2684522195323,5663.321428571428,1789.9936696260602,1
2015-07-31,STORE_194,SKU_TOTAL,6708.0,1,15,4,0,7,212,6586.0,4635.0,5189.0,6427.0,5753.142857142857,1085.46294709794,5221.25,887.9855114348727,1
2015-07-31,STORE_195,SKU_TOTAL,13443.0,1,13,4,0,7,212,10916.0,7893.0,10813.0,16636.0,10098.0,2092.3215973329175,10635.535714285714,2243.103611849593,1
2015-07-31,STORE_196,SKU_TOTAL,6784.0,1,13,4,0,7,212,5287.0,4406.0,5691.0,8325.0,5197.0,1424.4675028463182,5380.678571428572,1413.0706268833496,1
2015-07-31,STORE_197,SKU_TOTAL,10136.0,1,13,4,0,7,212,7882.0,5327.0,8864.0,9394.0,6911.714285714285,1467.1440186387126,6930.535714285715,1629.1211782712999,1
2015-07-31,STORE_198,SKU_TOTAL,3824.0,1,13,4,0,7,212,3211.0,2002.0,3063.0,6349.0,2959.8571428571427,1468.7540557182294,3013.1785714285716,1400.8583890563878,1
2015-07-31,STORE_199,SKU_TOTAL,10260.0,1,16,4,0,7,212,9391.0,7303.0,9424.0,12528.0,9063.142857142857,1827.3545932639327,8684.857142857143,1718.8669548472756,1
2015-07-31,STORE_2,SKU_TOTAL,6064.0,1,13,4,0,7,212,5567.0,4108.0,6406.0,7961.0,4963.0,1509.635938451786,5197.321428571428,1589.8558996794702,1
2015-07-31,STORE_20,SKU_TOTAL,9593.0,0,17,4,0,7,212,12379.0,9262.0,8262.0,12156.0,9869.142857142857,2027.345261548429,8783.535714285714,1954.0089556288212,0
2015-07-31,STORE_200,SKU_TOTAL,11177.0,1,13,4,0,7,212,7103.0,6017.0,8930.0,10467.0,6698.0,1120.7861824029267,7552.142857142857,1632.1860531720577,1
2015-07-31,STORE_201,SKU_TOTAL,6625.0,1,13,4,0,7,212,6015.0,5486.0,5721.0,7203.0,5867.285714285715,901.1451444840217,5679.321428571428,933.6946147415949,1
2015-07-31,STORE_202,SKU_TOTAL,7940.0,1,16,4,0,7,212,7326.0,6154.0,6717.0,8727.0,6909.142857142857,919.251403510356,6691.785714285715,972.4785195053344,1
2015-07-31,STORE_203,SKU_TOTAL,8132.0,1,14,4,0,7,212,7163.0,6079.0,9432.0,8725.0,7056.285714285715,1517.4288247209213,7183.321428571428,1516.8237294393834,1
2015-07-31,STORE_204,SKU_TOTAL,7189.0,0,17,4,0,7,212,5997.0,5620.0,6466.0,7791.0,6147.714285714285,832.7558094026662,5952.25,1025.0623693759983,0
2015-07-31,STORE_205,SKU_TOTAL,8665.0,1,14,4,0,7,212,6968.0,4835.0,8056.0,9800.0,6462.428571428572,1248.3415474325398,6765.392857142857,1595.079803861745,1
2015-07-31,STORE_206,SKU_TOTAL,10354.0,1,13,4,0,7,212,8646.0,6443.0,9289.0,14894.0,7161.142857142857,1993.5891777200218,7727.285714285715,2545.516463017288,1
2015-07-31,STORE_207,SKU_TOTAL,13957.0,1,14,4,0,7,212,10983.0,8953.0,13777.0,17866.0,11477.285714285714,3580.525786076702,11824.82142857143,3364.75218451939,1
2015-07-31,STORE_208,SKU_TOTAL,3994.0,1,14,4,0,7,212,3453.0,2500.0,3507.0,3955.0,3145.4285714285716,600.1566065453284,3200.1071428571427,587.8718895006708,1
2015-07-31,STORE_209,SKU_TOTAL,8912.0,1,14,4,0,7,212,8144.0,5650.0,7167.0,7420.0,6869.714285714285,2248.9131237319775,6364.642857142857,1921.6906949308848,1
2015-07-31,STORE_21,SKU_TOTAL,9515.0,1,15,4,0,7,212,6985.0,4340.0,6377.0,10608.0,6601.857142857143,1985.3644021998853,6039.821428571428,1979.3325297249291,1
2015-07-31,STORE_210,SKU_TOTAL,4275.0,1,16,4,0,7,212,4338.0,2374.0,3868.0,4280.0,3273.5714285714284,766.3482361476215,3151.285714285714,748.451332302225,1
2015-07-31,STORE_211,SKU_TOTAL,17286.0,1,14,4,0,7,212,14477.0,12692.0,18169.0,20761.0,14094.0,3786.395559543625,14572.035714285714,3374.7300082091383,1
2015-07-31,STORE_212,SKU_TOTAL,6049.0,1,14,4,0,7,212,4186.0,3534.0,6494.0,6266.0,4465.0,999.5707412012241,4790.857142857143,1103.5769692156791,1
2015-07-31,STORE_213,SKU_TOTAL,10485.0,1,13,4,0,7,212,9496.0,7070.0,10076.0,14289.0,8724.142857142857,2264.9680960642945,8640.357142857143,2231.3476614465376,1
2015-07-31,STORE_214,SKU_TOTAL,11117.0,1,13,4,0,7,212,8887.0,7016.0,9689.0,14927.0,9329.714285714286,1601.8621158183087,9290.785714285714,1993.2556164176765,1
2015-07-31,STORE_215,SKU_TOTAL,9660.0,0,17,4,0,7,212,8003.0,5751.0,6496.0,9416.0,7686.142857142857,1895.4261111570734,6540.392857142857,1821.4218975392012,0
2015-07-31,STORE_216,SKU_TOTAL,10252.0,1,13,4,0,7,212,7357.0,5615.0,6984.0,10998.0,6684.857142857143,1534.3212862770001,6786.892857142857,1494.5624242387546,1
2015-07-31,STORE_217,SKU_TOTAL,6940.0,1,13,4,0,7,212,4599.0,3889.0,5873.0,6671.0,4602.714285714285,854.1874724521988,5122.75,1038.5077836327548,1
2015-07-31,STORE_218,SKU_TOTAL,5685.0,0,17,4,0,7,212,5990.0,4795.0,5635.0,7131.0,5253.857142857143,1830.124351746669,4981.0,1556.2875817265158,0
2015-07-31,STORE_219,SKU_TOTAL,3511.0,1,13,4,0,7,212,3796.0,2807.0,3230.0,4344.0,3240.714285714286,829.1621703630077,3179.214285714286,790.9074655397326,1
2015-07-31,STORE_22,SKU_TOTAL,6566.0,0,17,4,0,7,212,5685.0,4390.0,4841.0,8339.0,5323.142857142857,1128.6079077885433,5007.714285714285,1316.6263807375817,0
2015-07-31,STORE_220,SKU_TOTAL,5324.0,1,13,4,0,7,212,4673.0,5330.0,5513.0,7962.0,4873.285714285715,1419.0484739527537,4905.535714285715,1360.0199203914362,1
2015-07-31,STORE_221,SKU_TOTAL,7750.0,1,14,4,0,7,212,6865.0,4843.0,6552.0,8734.0,6470.857142857143,1361.7596984010802,6541.857142857143,1104.6734967359753,1
2015-07-31,STORE_222,SKU_TOTAL,6468.0,1,14,4,0,7,212,4899.0,4112.0,6354.0,7397.0,4662.142857142857,1348.185871034183,5114.25,1469.5092560793269,1
2015-07-31,STORE_223,SKU_TOTAL,10141.0,1,13,4,0,7,212,6830.0,5296.0,8006.0,12787.0,7130.571428571428,1747.168362154382,7301.035714285715,2000.875187810397,1
2015-07-31,STORE_224,SKU_TOTAL,9423.0,1,15,4,0,7,212,9351.0,6726.0,8209.0,13640.0,8445.57142857143,1750.7915216780646,7865.0,1935.645915737356,1
2015-07-31,STORE_225,SKU_TOTAL,7849.0,1,14,4,0,7,212,7802.0,4980.0,5423.0,7397.0,6272.285714285715,1747.1405891038912,5722.678571428572,1479.2924999011411,1
2015-07-31,STORE_226,SKU_TOTAL,8052.0,1,16,4,0,7,212,6846.0,6297.0,7495.0,10197.0,6970.428571428572,1508.0946983020235,6910.785714285715,1419.7580742568205,1
2015-07-31,STORE_227,SKU_TOTAL,7186.0,1,13,4,0,7,212,6565.0,5038.0,6893.0,9361.0,5799.571428571428,1554.0625102335987,6244.571428571428,1486.7736739905258,1
2015-07-31,STORE_228,SKU_TOTAL,10369.0,1,13,4,0,7,212,9036.0,6693.0,8739.0,11393.0,8006.285714285715,1520.6363486254297,8303.75,1471.4083609979439,1
2015-07-31,STORE_229,SKU_TOTAL,13016.0,1,16,4,0,7,212,10159.0,7858.0,10243.0,13477.0,9631.57142857143,1858.588878436121,9345.75,2055.7981531017126,1
2015-07-31,STORE_23,SKU_TOTAL,7273.0,1,16,4,0,7,212,5801.0,4311.0,5604.0,9522.0,5645.142857142857,1521.0994300800755,5723.678571428572,1593.1798869291297,1
2015-07-31,STORE_230,SKU_TOTAL,10988.0,1,14,4,0,7,212,7605.0,5896.0,9066.0,11089.0,6893.285714285715,1074.7425605362039,8073.0,1703.8366510123938,1
2015-07-31,STORE_231,SKU_TOTAL,8353.0,0,17,4,0,7,212,7168.0,4454.0,5584.0,6858.0,5944.857142857143,1564.9832191400549,5158.071428571428,1289.4296737692687,0
2015-07-31,STORE_232,SKU_TOTAL,5738.0,1,14,4,0,7,212,4591.0,3456.0,4126.0,4747.0,4204.428571428572,767.3925238846439,3978.5,801.0698633230188,1
2015-07-31,STORE_233,SKU_TOTAL,12157.0,1,16,4,0,7,212,12210.0,9510.0,10569.0,13943.0,10746.857142857143,1777.466964396962,10198.142857142857,1664.879880313749,1
2015-07-31,STORE_234,SKU_TOTAL,13943.0,1,13,4,0,7,212,10327.0,7008.0,12392.0,19933.0,9794.857142857143,3012.505680689987,10573.785714285714,3428.0685994816317,1
2015-07-31,STORE_235,SKU_TOTAL,6756.0,1,16,4,0,7,212,6122.0,4856.0,5959.0,11270.0,5876.714285714285,1681.12836256734,5709.714285714285,1921.40671571498,1
2015-07-31,STORE_236,SKU_TOTAL,10336.0,1,14,4,0,7,212,7648.0,6034.0,8942.0,11111.0,7258.142857142857,1687.8466980712376,7698.714285714285,1923.1770561801025,1
2015-07-31,STORE_237,SKU_TOTAL,4879.0,1,14,4,0,7,212,4365.0,3812.0,5375.0,6289.0,4182.0,709.4843197705175,4755.892857142857,776.2742613500648,1
2015-07-31,STORE_238,SKU_TOTAL,11530.0,1,13,4,0,7,212,8478.0,5603.0,8189.0,11066.0,6876.0,1744.8218629226576,7244.035714285715,1843.3382254734058,1
2015-07-31,STORE_239,SKU_TOTAL,6757.0,1,13,4,0,7,212,5727.0,4062.0,5681.0,8540.0,5174.571428571428,1228.8989458240826,5315.785714285715,1334.9182901093968,1
2015-07-31,STORE_24,SKU_TOTAL,14190.0,1,13,4,0,7,212,11439.0,7534.0,11869.0,16618.0,9595.42857142857,2582.0841618829245,9971.964285714286,2891.604392312436,1
2015-07-31,STORE_240,SKU_TOTAL,5195.0,1,14,4,0,7,212,4377.0,3480.0,5784.0,7161.0,4386.142857142857,938.8962364698255,4910.75,1042.0951341012685,1
2015-07-31,STORE_241,SKU_TOTAL,8650.0,1,13,4,0,7,212,6351.0,5311.0,7404.0,9189.0,6285.571428571428,903.700882877704,6539.214285714285,1130.567191547066,1
2015-07-31,STORE_242,SKU_TOTAL,5056.0,1,16,4,0,7,212,4915.0,3226.0,5340.0,8036.0,4383.285714285715,1686.3245747567541,4323.357142857143,1456.9072828037802,1
2015-07-31,STORE_243,SKU_TOTAL,11404.0,0,17,4,0,7,212,9301.0,5984.0,7726.0,11252.0,8086.428571428572,2510.0752881896383,7100.607142857143,2277.951050416764,0
2015-07-31,STORE_244,SKU_TOTAL,6461.0,1,13,4,0,7,212,6116.0,3435.0,6921.0,12217.0,5529.571428571428,2056.2615638695656,5415.142857142857,2328.5502040774677,1
2015-07-31,STORE_245,SKU_TOTAL,10778.0,1,16,4,0,7,212,9978.0,8703.0,11039.0,13289.0,9684.714285714286,764.0195709280059,9960.5,1194.8050050113814,1
2015-07-31,STORE_246,SKU_TOTAL,10031.0,1,13,4,0,7,212,7531.0,5580.0,8678.0,9077.0,6978.285714285715,1201.7205324429344,7440.821428571428,1489.3751872555129,1
2015-07-31,STORE_247,SKU_TOTAL,11660.0,1,16,4,0,7,212,9354.0,6957.0,9810.0,11987.0,8974.714285714286,2340.369252510058,8460.42857142857,2093.8422847070815,1
2015-07-31,STORE_248,SKU_TOTAL,11444.0,1,14,4,0,7,212,6738.0,7235.0,8325.0,11034.0,7733.285714285715,1442.814808431099,8222.67857142857,1602.0304952377796,1
2015-07-31,STORE_249,SKU_TOTAL,7053.0,1,14,4,0,7,212,5770.0,5163.0,6142.0,7786.0,5496.0,673.2414128675765,5630.5,1119.9845071675743,1
2015-07-31,STORE_25,SKU_TOTAL,14180.0,1,13,4,0,7,212,11272.0,8323.0,12171.0,14621.0,9606.142857142857,1959.6125831882719,10507.857142857143,2251.527427462087,1
2015-07-31,STORE_250,SKU_TOTAL,13232.0,1,16,4,0,7,212,10695.0,6266.0,9528.0,13695.0,9972.0,2925.62602987222,9221.67857142857,2441.960263782796,1
2015-07-31,STORE_251,SKU_TOTAL,22205.0,1,13,4,0,7,212,20061.0,16812.0,20846.0,28664.0,17976.0,2956.654528347274,18642.535714285714,3499.811396846195,1
2015-07-31,STORE_252,SKU_TOTAL,13647.0,1,13,4,0,7,212,12166.0,7580.0,11389.0,18166.0,10994.857142857143,3313.595400194147,10736.75,3023.995071828901,1
2015-07-31,STORE_253,SKU_TOTAL,8801.0,1,13,4,0,7,212,6707.0,3769.0,6559.0,11504.0,5828.857142857143,2341.5837538274236,5762.035714285715,2064.497257107215,1
2015-07-31,STORE_254,SKU_TOTAL,4239.0,1,16,4,0,7,212,3565.0,2757.0,2845.0,4327.0,3465.714285714286,628.5845777833171,3153.6428571428573,680.8921279811173,1
2015-07-31,STORE_255,SKU_TOTAL,8711.0,1,13,4,0,7,212,7510.0,4357.0,6309.0,9472.0,6643.142857142857,1513.3725503617334,6410.75,1362.850651446542,1
2015-07-31,STORE_256,SKU_TOTAL,11536.0,1,13,4,0,7,212,9677.0,6125.0,9188.0,15114.0,8149.142857142857,2506.4719845873747,8253.5,2439.9144717858203,1
2015-07-31,STORE_257,SKU_TOTAL,6874.0,1,14,4,0,7,212,5646.0,4303.0,7444.0,7069.0,4827.285714285715,1186.8327197882986,5177.75,1435.559605042223,1
2015-07-31,STORE_258,SKU_TOTAL,6763.0,0,17,4,0,7,212,6681.0,5895.0,5706.0,9244.0,6436.0,995.1839026018854,6059.25,1293.0777990685829,0
2015-07-31,STORE_259,SKU_TOTAL,14096.0,1,16,4,0,7,212,12178.0,11711.0,12774.0,13874.0,12288.42857142857,2062.614752939761,12457.857142857143,2001.8129692912391,1
2015-07-31,STORE_26,SKU_TOTAL,7818.0,1,13,4,0,7,212,7892.0,6204.0,7984.0,11005.0,7459.857142857143,1943.8577132911005,7107.857142857143,1753.7501556565721,1
2015-07-31,STORE_260,SKU_TOTAL,6849.0,1,14,4,0,7,212,5873.0,5757.0,7130.0,7944.0,6006.428571428572,629.9922902003593,6406.892857142857,683.2718313396725,1
2015-07-31,STORE_261,SKU_TOTAL,13470.0,1,13,4,0,7,212,14051.0,9327.0,14920.0,21048.0,12468.42857142857,4308.567119013496,12441.785714285714,4288.538837388551,1
2015-07-31,STORE_262,SKU_TOTAL,25774.0,1,13,4,0,7,212,22253.0,18985.0,22986.0,23253.0,22367.285714285714,4906.328318755808,21602.75,4616.083072821622,1
2015-07-31,STORE_263,SKU_TOTAL,5216.0,0,17,4,0,7,212,4381.0,3748.0,4041.0,6226.0,4482.714285714285,615.6859898452166,4429.678571428572,772.163101825352,0
2015-07-31,STORE_264,SKU_TOTAL,8303.0,1,14,4,0,7,212,7955.0,5124.0,8025.0,11000.0,6732.428571428572,1731.4826842075854,6997.678571428572,1944.312675921043,1
2015-07-31,STORE_265,SKU_TOTAL,7502.0,1,16,4,0,7,212,6648.0,4729.0,6345.0,9997.0,5742.714285714285,2073.726493881245,5663.178571428572,1967.804229452355,1
2015-07-31,STORE_266,SKU_TOTAL,4779.0,1,15,4,0,7,212,4602.0,3990.0,5076.0,4961.0,4272.428571428572,1054.8810133742095,4196.535714285715,970.1069999079241,1
2015-07-31,STORE_267,SKU_TOTAL,11326.0,1,14,4,0,7,212,14475.0,9898.0,8997.0,10695.0,11580.142857142857,2254.842672158464,9912.07142857143,1829.3152519472571,1
2015-07-31,STORE_268,SKU_TOTAL,7492.0,1,13,4,0,7,212,5188.0,3709.0,5553.0,7211.0,4478.285714285715,1221.2416788219316,4893.821428571428,1414.1690677274723,1
2015-07-31,STORE_269,SKU_TOTAL,12197.0,1,13,4,0,7,212,8465.0,5791.0,10439.0,13370.0,7509.0,2572.877831015253,7773.892857142857,2545.228845700383,1
2015-07-31,STORE_27,SKU_TOTAL,13213.0,1,13,4,0,7,212,10270.0,6749.0,10741.0,18736.0,8873.857142857143,2740.911796498913,9709.964285714286,3453.5796295927353,1
2015-07-31,STORE_270,SKU_TOTAL,11643.0,1,14,4,0,7,212,9969.0,8649.0,10657.0,14646.0,9565.57142857143,1106.3837274550594,10281.25,1670.7789628176552,1
2015-07-31,STORE_271,SKU_TOTAL,10104.0,1,15,4,0,7,212,9447.0,6329.0,10310.0,15616.0,8504.142857142857,4072.8486520927345,8115.285714285715,3788.7919882411024,1
2015-07-31,STORE_272,SKU_TOTAL,9109.0,1,16,4,0,7,212,7819.0,4948.0,7713.0,11475.0,6642.0,2219.597861474743,6506.642857142857,2252.273570882619,1
2015-07-31,STORE_273,SKU_TOTAL,9189.0,1,13,4,0,7,212,9699.0,6223.0,7957.0,12965.0,7702.571428571428,2075.5089220985756,7841.142857142857,2070.8801083794433,1
2015-07-31,STORE_274,SKU_TOTAL,6975.0,1,16,4,0,7,212,5625.0,5912.0,6017.0,6713.0,5848.0,921.3396044147877,5854.107142857143,928.6782060103059,1
2015-07-31,STORE_275,SKU_TOTAL,8573.0,0,17,4,0,7,212,6903.0,5543.0,7278.0,11644.0,7265.571428571428,1550.4351923607726,6978.785714285715,1730.3165918229206,0
2015-07-31,STORE_276,SKU_TOTAL,5272.0,1,15,4,0,7,212,4283.0,3602.0,4949.0,5066.0,3795.5714285714284,1088.2997223701386,3788.6071428571427,1054.82996134704,1
2015-07-31,STORE_277,SKU_TOTAL,9262.0,0,17,4,0,7,212,8029.0,5195.0,6442.0,8820.0,6928.285714285715,1644.5463117300872,6354.107142857143,1557.0174798443345,0
2015-07-31,STORE_278,SKU_TOTAL,9966.0,1,14,4,0,7,212,7580.0,6398.0,8970.0,10747.0,6855.428571428572,1612.001846269866,7558.25,1801.1943696915757,1
2015-07-31,STORE_279,SKU_TOTAL,12709.0,0,17,4,0,7,212,12275.0,8858.0,10707.0,20089.0,11736.142857142857,3237.5309742950567,9977.785714285714,3739.7877673706503,0
2015-07-31,STORE_28,SKU_TOTAL,7301.0,1,14,4,0,7,212,6210.0,3607.0,6012.0,8496.0,4941.571428571428,1884.096676317558,4836.285714285715,1768.2266667411243,1
2015-07-31,STORE_280,SKU_TOTAL,8189.0,1,15,4,0,7,212,7302.0,6102.0,6443.0,8154.0,7104.714285714285,1154.8618552703197,6617.321428571428,1035.3015682894954,1
2015-07-31,STORE_281,SKU_TOTAL,8053.0,1,14,4,0,7,212,6846.0,5148.0,6205.0,8403.0,6121.285714285715,1019.0233419431863,6247.785714285715,1074.7572458779632,1
2015-07-31,STORE_282,SKU_TOTAL,4761.0,1,14,4,0,7,212,4739.0,4242.0,5105.0,6751.0,4217.285714285715,895.0813211240278,4638.392857142857,1136.561589776527,1
2015-07-31,STORE_283,SKU_TOTAL,9829.0,0,17,4,0,7,212,9079.0,7864.0,7532.0,10021.0,8002.571428571428,1227.167315016256,7877.964285714285,1766.6267392167229,0
2015-07-31,STORE_284,SKU_TOTAL,6788.0,0,17,4,0,7,212,6518.0,4259.0,6554.0,9336.0,6264.142857142857,1655.9540481306706,5628.392857142857,1617.5994179601657,0
2015-07-31,STORE_285,SKU_TOTAL,7052.0,1,16,4,0,7,212,5459.0,4960.0,6111.0,7360.0,5687.142857142857,865.056728113061,5652.428571428572,922.8864313014521,1
2015-07-31,STORE_286,SKU_TOTAL,5093.0,1,13,4,0,7,212,4192.0,3245.0,4487.0,7111.0,3862.4285714285716,1459.5488866007743,3887.5714285714284,1473.9126671093206,1
2015-07-31,STORE_287,SKU_TOTAL,9283.0,0,17,4,0,7,212,9614.0,7137.0,8219.0,11206.0,9003.0,1383.0976104369624,8488.5,1330.3894862732805,0
2015-07-31,STORE_288,SKU_TOTAL,6886.0,0,17,4,0,7,212,5825.0,4741.0,6441.0,8971.0,6005.857142857143,1654.1548122390404,5604.607142857143,1465.7183888809018,0
2015-07-31,STORE_289,SKU_TOTAL,7522.0,1,16,4,0,7,212,6209.0,5245.0,6697.0,7444.0,6195.428571428572,1124.4045619989422,6028.178571428572,993.3048860052442,1
2015-07-31,STORE_29,SKU_TOTAL,9411.0,1,13,4,0,7,212,8039.0,5590.0,8383.0,14107.0,7686.428571428572,2044.2123876228509,7944.321428571428,2124.182213945795,1
2015-07-31,STORE_290,SKU_TOTAL,8386.0,1,13,4,0,7,212,7395.0,5642.0,8774.0,12169.0,6549.142857142857,2093.851588863646,7177.035714285715,2138.305065755131,1
2015-07-31,STORE_291,SKU_TOTAL,10052.0,1,15,4,0,7,212,9030.0,6263.0,8447.0,14055.0,8089.571428571428,2563.601363780548,8154.285714285715,2441.987060619726,1
2015-07-31,STORE_293,SKU_TOTAL,7494.0,1,14,4,0,7,212,6748.0,5030.0,7219.0,9714.0,6014.142857142857,1534.3988430392494,6290.535714285715,1657.6009992614063,1
2015-07-31,STORE_294,SKU_TOTAL,7628.0,1,16,4,0,7,212,7855.0,5893.0,7170.0,9578.0,6725.571428571428,1636.993774894691,6611.25,1731.402976929308,1
2015-07-31,STORE_295,SKU_TOTAL,7687.0,1,15,4,0,7,212,7240.0,5688.0,7522.0,9247.0,6812.0,1464.8103403955333,6409.214285714285,1398.6848679347004,1
2015-07-31,STORE_296,SKU_TOTAL,8579.0,1,16,4,0,7,212,7898.0,7063.0,7691.0,10781.0,7767.428571428572,1726.3757660806532,7320.75,1745.7227437796282,1
2015-07-31,STORE_297,SKU_TOTAL,8481.0,1,15,4,0,7,212,8318.0,5980.0,8582.0,11760.0,8118.571428571428,2371.379757098634,7574.892857142857,2040.6360544239935,1
2015-07-31,STORE_298,SKU_TOTAL,10344.0,0,17,4,0,7,212,8765.0,7784.0,9397.0,12120.0,9011.42857142857,1289.7325119485488,8733.642857142857,1574.584912128963,0
2015-07-31,STORE_299,SKU_TOTAL,9839.0,1,14,4,0,7,212,9853.0,9137.0,9139.0,9483.0,9913.42857142857,2674.4757652750836,8894.57142857143,2052.3302822165815,1
2015-07-31,STORE_3,SKU_TOTAL,8314.0,1,13,4,0,7,212,8977.0,5702.0,8663.0,10243.0,6888.285714285715,2000.470837434222,7097.321428571428,2105.4457793767688,1
2015-07-31,STORE_30,SKU_TOTAL,4776.0,1,13,4,0,7,212,4881.0,3364.0,4412.0,6701.0,4027.285714285714,1133.1629353678995,4112.964285714285,1088.2623418110406,1
2015-07-31,STORE_300,SKU_TOTAL,10784.0,1,16,4,0,7,212,8095.0,7151.0,9095.0,11299.0,7807.428571428572,795.9798693290898,7835.821428571428,1561.449422897179,1
2015-07-31,STORE_301,SKU_TOTAL,6665.0,1,14,4,0,7,212,6307.0,4545.0,6703.0,7128.0,5303.285714285715,978.9355978604167,5606.821428571428,1032.1238101724591,1
2015-07-31,STORE_302,SKU_TOTAL,5356.0,1,16,4,0,7,212,4099.0,3234.0,4759.0,4564.0,4190.0,808.6686589676577,3869.3928571428573,737.395533808906,1
2015-07-31,STORE_303,SKU_TOTAL,9026.0,1,13,4,0,7,212,7199.0,4899.0,7537.0,9712.0,6059.285714285715,1637.506815688082,6338.178571428572,1575.3950252082273,1
2015-07-31,STORE_304,SKU_TOTAL,10539.0,1,13,4,0,7,212,7300.0,5803.0,6992.0,9989.0,6552.285714285715,1557.9836022109334,6964.571428571428,1748.5714047968231,1
2015-07-31,STORE_305,SKU_TOTAL,7529.0,1,16,4,0,7,212,6484.0,5081.0,6581.0,9866.0,6310.571428571428,1212.4938291432845,6429.0,1386.0199079329043,1
2015-07-31,STORE_306,SKU_TOTAL,6218.0,0,17,4,0,7,212,5643.0,4677.0,5197.0,7317.0,5133.285714285715,1156.9064661522805,4854.785714285715,1182.3483022940022,0
2015-07-31,STORE_307,SKU_TOTAL,3419.0,1,13,4,0,7,212,3632.0,2652.0,2783.0,3921.0,2910.8571428571427,990.6187340178236,2821.0714285714284,900.825749935497,1
2015-07-31,STORE_308,SKU_TOTAL,11053.0,1,13,4,0,7,212,9306.0,7002.0,10665.0,14526.0,8408.142857142857,1987.838644404079,8931.67857142857,2434.7098550019623,1
2015-07-31,STORE_309,SKU_TOTAL,8688.0,1,13,4,0,7,212,8231.0,5434.0,8132.0,11186.0,7051.714285714285,1982.2513054835292,6946.035714285715,1849.466959887463,1
2015-07-31,STORE_31,SKU_TOTAL,7248.0,1,14,4,0,7,212,6712.0,4683.0,6300.0,7416.0,6060.857142857143,1070.9488672137677,5956.892857142857,1047.1856229136101,1
2015-07-31,STORE_310,SKU_TOTAL,12219.0,1,14,4,0,7,212,11135.0,8211.0,10886.0,11829.0,9419.285714285714,3523.9662178797594,8696.392857142857,3008.967908932454,1
2015-07-31,STORE_311,SKU_TOTAL,8602.0,1,16,4,0,7,212,7542.0,5730.0,7314.0,10237.0,7163.571428571428,1435.7771248968065,7202.321428571428,1460.7454477863698,1
2015-07-31,STORE_312,SKU_TOTAL,6678.0,1,16,4,0,7,212,6067.0,4825.0,5736.0,9885.0,5973.428571428572,1195.9555255291357,5812.607142857143,1494.2841055489625,1
2015-07-31,STORE_313,SKU_TOTAL,10432.0,1,13,4,0,7,212,8760.0,6107.0,8152.0,10416.0,7580.571428571428,2259.1389847410724,7398.035714285715,2102.6143247581917,1
2015-07-31,STORE_314,SKU_TOTAL,6661.0,1,13,4,0,7,212,6330.0,4226.0,5410.0,8035.0,5203.285714285715,1611.973502085167,5046.964285714285,1331.0886795222682,1
2015-07-31,STORE_315,SKU_TOTAL,5959.0,1,14,4,0,7,212,4723.0,4226.0,4821.0,6682.0,4404.0,1236.9037957724152,4650.214285714285,1174.4503318623497,1
2015-07-31,STORE_316,SKU_TOTAL,11678.0,1,13,4,0,7,212,10450.0,7079.0,10925.0,18101.0,9838.142857142857,2681.312951308161,10273.464285714286,2746.710685760578,1
2015-07-31,STORE_317,SKU_TOTAL,7374.0,0,17,4,0,7,212,6200.0,5060.0,5255.0,8302.0,6103.0,842.3611656107664,5727.071428571428,1085.1120757470374,0
2015-07-31,STORE_318,SKU_TOTAL,8026.0,1,15,4,0,7,212,8000.0,7503.0,8048.0,10898.0,7933.0,1882.8662547640051,7676.464285714285,1885.2397525525132,1
2015-07-31,STORE_319,SKU_TOTAL,11280.0,1,14,4,0,7,212,7955.0,6134.0,8491.0,10170.0,7157.857142857143,1373.8029247990053,7585.535714285715,1569.541558029614,1
2015-07-31,STORE_32,SKU_TOTAL,6395.0,0,17,4,0,7,212,5779.0,3528.0,6320.0,6176.0,4535.714285714285,1368.6847353419262,4498.964285714285,1261.0935725306426,0
2015-07-31,STORE_320,SKU_TOTAL,19898.0,1,14,4,0,7,212,16912.0,14242.0,17521.0,20912.0,15629.142857142857,3395.3805102696133,15900.92857142857,3300.3030268120524,1
2015-07-31,STORE_321,SKU_TOTAL,7520.0,1,15,4,0,7,212,7119.0,4900.0,6408.0,7433.0,6479.285714285715,1516.501644605548,6243.321428571428,1259.4986378654778,1
2015-07-31,STORE_322,SKU_TOTAL,6826.0,1,13,4,0,7,212,6333.0,4676.0,5768.0,10027.0,5450.714285714285,2081.73459037364,5418.071428571428,2100.1087789921316,1
2015-07-31,STORE_323,SKU_TOTAL,10371.0,1,16,4,0,7,212,7648.0,6916.0,7693.0,10740.0,8134.714285714285,1028.2677527883675,7873.714285714285,1240.1655163478626,1
2015-07-31,STORE_324,SKU_TOTAL,7753.0,1,14,4,0,7,212,7724.0,4486.0,5497.0,10806.0,5497.714285714285,2315.05195868792,5415.678571428572,2437.236322735048,1
2015-07-31,STORE_325,SKU_TOTAL,8509.0,1,13,4,0,7,212,9089.0,6482.0,7002.0,8924.0,6350.428571428572,1922.664718312508,6099.464285714285,1687.0291767256329,1
2015-07-31,STORE_326,SKU_TOTAL,8094.0,1,16,4,0,7,212,6385.0,4782.0,5676.0,7231.0,5866.857142857143,932.5900186326959,5703.285714285715,1061.497818673924,1
2015-07-31,STORE_327,SKU_TOTAL,11035.0,1,14,4,0,7,212,8328.0,6416.0,9009.0,11141.0,8126.571428571428,2259.0290581818913,7984.142857142857,2136.8107719529285,1
2015-07-31,STORE_328,SKU_TOTAL,5662.0,1,13,4,0,7,212,4781.0,4013.0,5571.0,6781.0,4382.428571428572,1277.829651809622,4471.75,1180.1077359801975,1
2015-07-31,STORE_329,SKU_TOTAL,9168.0,1,13,4,0,7,212,7316.0,5176.0,7758.0,11318.0,6673.0,2089.6100912202114,6811.571428571428,2045.9139301362377,1
2015-07-31,STORE_33,SKU_TOTAL,10789.0,1,13,4,0,7,212,8146.0,6090.0,8467.0,12165.0,7625.0,1245.6236724345426,8106.285714285715,1591.9774067158614,1
2015-07-31,STORE_330,SKU_TOTAL,5509.0,1,13,4,0,7,212,4201.0,3301.0,4124.0,5547.0,3871.4285714285716,605.327144920393,3942.4285714285716,862.983559716105,1
2015-07-31,STORE_331,SKU_TOTAL,7537.0,1,16,4,0,7,212,6202.0,5199.0,6848.0,8378.0,5720.571428571428,1204.8334403741426,5815.392857142857,1415.6183137834446,1
2015-07-31,STORE_332,SKU_TOTAL,4432.0,1,14,4,0,7,212,4292.0,3013.0,3747.0,5882.0,3595.1428571428573,1136.0175216607713,3703.1785714285716,1135.4813974565513,1
2015-07-31,STORE_333,SKU_TOTAL,13459.0,1,13,4,0,7,212,11634.0,9252.0,11438.0,13685.0,9976.285714285714,1578.7178040287868,10437.964285714286,1981.3772329921223,1
2015-07-31,STORE_334,SKU_TOTAL,6583.0,1,13,4,0,7,212,6050.0,4764.0,5054.0,6674.0,5153.571428571428,686.8733161048856,5088.071428571428,888.9509393035183,1
2015-07-31,STORE_335,SKU_TOTAL,17867.0,1,13,4,0,7,212,16308.0,10969.0,14182.0,13533.0,13658.142857142857,5058.18727175911,12674.857142857143,4154.271676722933,1
2015-07-31,STORE_336,SKU_TOTAL,16459.0,1,16,4,0,7,212,15959.0,12142.0,16946.0,21979.0,14636.42857142857,3297.1236887692053,14141.964285714286,3401.3586335807086,1
2015-07-31,STORE_337,SKU_TOTAL,7345.0,1,16,4,0,7,212,6031.0,5763.0,5186.0,6535.0,6048.428571428572,686.0104122464185,5564.285714285715,723.7534804963234,1
2015-07-31,STORE_338,SKU_TOTAL,8566.0,1,16,4,0,7,212,7538.0,5936.0,8150.0,11929.0,7107.0,1476.5166214199678,7045.714285714285,1824.1055008711235,1
2015-07-31,STORE_339,SKU_TOTAL,7080.0,1,16,4,0,7,212,5511.0,4815.0,6042.0,7896.0,5599.714285714285,1297.378859376905,5556.857142857143,1098.2588143429084,1
2015-07-31,STORE_34,SKU_TOTAL,11144.0,1,14,4,0,7,212,8443.0,6713.0,9781.0,12108.0,8086.857142857143,1450.3433419434737,8605.92857142857,1606.0071705155792,1
2015-07-31,STORE_340,SKU_TOTAL,8192.0,1,14,4,0,7,212,6732.0,5252.0,8740.0,11597.0,6391.428571428572,1487.0609556135905,7098.25,1936.790924011883,1
2015-07-31,STORE_341,SKU_TOTAL,6994.0,1,13,4,0,7,212,5326.0,3966.0,6366.0,9222.0,5329.857142857143,1313.458085685791,5706.071428571428,1438.5975405231775,1
2015-07-31,STORE_342,SKU_TOTAL,14485.0,0,17,4,0,7,212,13146.0,10168.0,12415.0,16845.0,12518.857142857143,2100.9733005251105,11840.17857142857,2214.72031598661,0
2015-07-31,STORE_343,SKU_TOTAL,9742.0,1,13,4,0,7,212,8420.0,6010.0,8028.0,13655.0,7266.571428571428,1897.7791280978217,7784.928571428572,2258.5181954447025,1
2015-07-31,STORE_344,SKU_TOTAL,12767.0,1,13,4,0,7,212,10488.0,8370.0,12189.0,17307.0,9566.42857142857,1966.2943876855172,9876.357142857143,2954.4843783307197,1
2015-07-31,STORE_345,SKU_TOTAL,4989.0,0,17,4,0,7,212,5459.0,4140.0,4926.0,7270.0,5247.0,1434.9390230934732,4533.035714285715,1290.968871936299,0
2015-07-31,STORE_346,SKU_TOTAL,8934.0,1,13,4,0,7,212,7781.0,6371.0,8585.0,11343.0,7407.0,1326.0222471724046,7622.0,1475.8866763687956,1
2015-07-31,STORE_347,SKU_TOTAL,7512.0,1,15,4,0,7,212,5716.0,5259.0,5332.0,6727.0,5801.714285714285,657.2368204015927,5440.928571428572,793.080348486144,1
2015-07-31,STORE_348,SKU_TOTAL,10047.0,0,17,4,0,7,212,10112.0,8981.0,8284.0,13093.0,9727.714285714286,1159.6007523100493,9332.535714285714,1575.419061996091,0
2015-07-31,STORE_349,SKU_TOTAL,9281.0,1,14,4,0,7,212,8450.0,7497.0,9478.0,11019.0,8320.57142857143,943.1834139642283,8771.92857142857,957.2955706181218,1
2015-07-31,STORE_35,SKU_TOTAL,12412.0,1,13,4,0,7,212,11088.0,7779.0,11418.0,21370.0,9896.714285714286,2415.548503223356,11282.714285714286,3685.9881820629817,1
2015-07-31,STORE_350,SKU_TOTAL,8418.0,1,16,4,0,7,212,7772.0,6252.0,7951.0,11255.0,7649.142857142857,1548.512988704558,7365.892857142857,1826.3880837710838,1
2015-07-31,STORE_351,SKU_TOTAL,8603.0,1,13,4,0,7,212,7523.0,4612.0,6606.0,9647.0,6424.428571428572,1645.2039242529445,6212.821428571428,1477.314983179007,1
2015-07-31,STORE_352,SKU_TOTAL,8204.0,1,14,4,0,7,212,7748.0,5656.0,7447.0,9415.0,6625.285714285715,1036.9530227666728,6940.392857142857,1153.1033919562556,1
2015-07-31,STORE_353,SKU_TOTAL,7851.0,1,15,4,0,7,212,6514.0,6080.0,6635.0,7293.0,6796.428571428572,1457.935510362961,6646.785714285715,1346.0710277104724,1
2015-07-31,STORE_354,SKU_TOTAL,10053.0,1,13,4,0,7,212,7992.0,6510.0,8203.0,12380.0,7979.428571428572,1705.1685993992462,8465.57142857143,1784.3119314694156,1
2015-07-31,STORE_355,SKU_TOTAL,12766.0,1,14,4,0,7,212,9842.0,8525.0,10293.0,13812.0,9072.42857142857,1704.8822889113903,9669.035714285714,2036.1344727867863,1
2015-07-31,STORE_356,SKU_TOTAL,9347.0,1,15,4,0,7,212,7495.0,5468.0,6057.0,8218.0,6725.428571428572,902.0552195092318,6610.071428571428,826.3622167238752,1
2015-07-31,STORE_357,SKU_TOTAL,10131.0,1,15,4,0,7,212,9981.0,7291.0,9264.0,11712.0,8372.42857142857,2074.395402451087,8400.67857142857,2017.8615386479078,1
2015-07-31,STORE_358,SKU_TOTAL,12667.0,1,13,4,0,7,212,11466.0,7221.0,10716.0,16351.0,9827.285714285714,2478.7372937494597,10018.57142857143,2428.709494675051,1
2015-07-31,STORE_359,SKU_TOTAL,8544.0,1,16,4,0,7,212,7694.0,5786.0,7078.0,8855.0,6998.142857142857,1166.1427054695228,6808.535714285715,1011.8525541160043,1
2015-07-31,STORE_36,SKU_TOTAL,12422.0,0,17,4,0,7,212,11955.0,9949.0,11512.0,12727.0,11135.57142857143,1060.6112792676975,10331.142857142857,1388.3176260095465,0
2015-07-31,STORE_360,SKU_TOTAL,9135.0,1,14,4,0,7,212,7854.0,5742.0,8549.0,9784.0,6915.0,1445.1642351867022,7214.25,1770.2145847120507,1
2015-07-31,STORE_361,SKU_TOTAL,9806.0,1,14,4,0,7,212,7894.0,4892.0,6884.0,9397.0,6943.285714285715,1868.3791294661287,6452.785714285715,1712.851755864341,1
2015-07-31,STORE_362,SKU_TOTAL,11686.0,1,16,4,0,7,212,10216.0,8109.0,9927.0,13955.0,9898.57142857143,2242.6163185833884,9704.07142857143,2052.7375385366377,1
2015-07-31,STORE_363,SKU_TOTAL,9564.0,1,14,4,0,7,212,6942.0,6574.0,8566.0,9771.0,7131.857142857143,1469.045884075756,7727.321428571428,1533.226591781993,1
2015-07-31,STORE_364,SKU_TOTAL,7160.0,1,16,4,0,7,212,6250.0,4998.0,5728.0,6883.0,5683.857142857143,1454.5902548553786,5487.642857142857,1186.5281821287988,1
2015-07-31,STORE_365,SKU_TOTAL,8742.0,0,17,4,0,7,212,8197.0,4361.0,6741.0,8148.0,6305.571428571428,1668.2879304975881,5857.571428571428,1368.5166998153968,0
2015-07-31,STORE_366,SKU_TOTAL,9155.0,1,14,4,0,7,212,8215.0,5309.0,6770.0,9447.0,6293.0,2239.828639277939,6279.25,2014.1831286969714,1
2015-07-31,STORE_367,SKU_TOTAL,7514.0,1,14,4,0,7,212,4945.0,3753.0,6759.0,9824.0,5293.285714285715,1456.447929527562,5759.25,1697.9265050844656,1
2015-07-31,STORE_368,SKU_TOTAL,16556.0,1,15,4,0,7,212,12314.0,7167.0,12117.0,17036.0,11586.42857142857,4190.494714514737,10563.214285714286,3495.034301290413,1
2015-07-31,STORE_369,SKU_TOTAL,8495.0,1,16,4,0,7,212,6986.0,6123.0,6237.0,9896.0,7052.571428571428,825.5464568253958,6755.821428571428,1161.9687014843475,1
2015-07-31,STORE_37,SKU_TOTAL,9091.0,1,14,4,0,7,212,7771.0,5196.0,7088.0,9069.0,7150.285714285715,1515.2251443568234,6877.535714285715,1346.9378022475182,1
2015-07-31,STORE_370,SKU_TOTAL,9747.0,1,13,4,0,7,212,9120.0,6632.0,8007.0,12543.0,7854.857142857143,1738.6812462858725,8100.428571428572,2116.63794256259,1
2015-07-31,STORE_371,SKU_TOTAL,8360.0,1,16,4,0,7,212,7633.0,5317.0,7921.0,10190.0,7478.857142857143,2246.981191774042,7035.928571428572,1833.9312545901255,1
2015-07-31,STORE_372,SKU_TOTAL,11470.0,1,13,4,0,7,212,9867.0,6924.0,10271.0,16425.0,8985.714285714286,2111.6353626413115,9280.035714285714,2590.4569950344703,1
2015-07-31,STORE_373,SKU_TOTAL,6621.0,1,15,4,0,7,212,5028.0,3883.0,5100.0,6555.0,4842.285714285715,534.8095344058538,4732.785714285715,738.2309363242482,1
2015-07-31,STORE_374,SKU_TOTAL,9062.0,1,14,4,0,7,212,7271.0,6723.0,8736.0,10392.0,6927.0,1727.9306506133435,7376.535714285715,1817.0019564629192,1
2015-07-31,STORE_375,SKU_TOTAL,13241.0,1,14,4,0,7,212,11497.0,8526.0,11144.0,16145.0,9922.142857142857,3764.7828369666836,9777.42857142857,3546.7183520522644,1
2015-07-31,STORE_376,SKU_TOTAL,11300.0,1,14,4,0,7,212,8327.0,5807.0,11044.0,13562.0,8048.142857142857,2155.4517259388217,8484.357142857143,2311.6782618359375,1
2015-07-31,STORE_377,SKU_TOTAL,14940.0,1,14,4,0,7,212,9044.0,7034.0,8820.0,11114.0,8201.57142857143,1810.4057424722307,8613.035714285714,2006.8208593797372,1
2015-07-31,STORE_378,SKU_TOTAL,8828.0,1,13,4,0,7,212,8125.0,5865.0,7987.0,10392.0,6725.857142857143,1564.058654969926,6977.714285714285,1450.3460853180734,1
2015-07-31,STORE_379,SKU_TOTAL,5550.0,1,13,4,0,7,212,4653.0,3807.0,4961.0,6008.0,4137.714285714285,795.011889696226,4250.5,970.0621400495834,1
2015-07-31,STORE_38,SKU_TOTAL,7434.0,1,13,4,0,7,212,6591.0,4232.0,6837.0,11180.0,6107.428571428572,1562.4426237071873,6235.607142857143,1862.7977632087566,1
2015-07-31,STORE_380,SKU_TOTAL,17133.0,1,13,4,0,7,212,14706.0,11141.0,17846.0,21509.0,13720.285714285714,2996.4744681190336,14215.607142857143,3061.819276899264,1
2015-07-31,STORE_381,SKU_TOTAL,10760.0,1,14,4,0,7,212,10231.0,7726.0,10352.0,13338.0,9122.0,2496.212330711208,9337.464285714286,2276.923468226277,1
2015-07-31,STORE_382,SKU_TOTAL,10802.0,1,14,4,0,7,212,9028.0,7009.0,9521.0,11873.0,8525.857142857143,2458.902019774664,8135.035714285715,2215.338356936724,1
2015-07-31,STORE_383,SKU_TOTAL,22129.0,1,16,4,0,7,212,19194.0,16635.0,19052.0,21002.0,17171.285714285714,2187.5195019524435,17452.10714285714,2084.3112076458906,1
2015-07-31,STORE_384,SKU_TOTAL,12065.0,1,13,4,0,7,212,11088.0,8856.0,9759.0,13507.0,9766.142857142857,2880.2330593521842,9518.035714285714,2935.737758019694,1
2015-07-31,STORE_385,SKU_TOTAL,8807.0,0,17,4,0,7,212,7699.0,5549.0,7571.0,10921.0,7966.428571428572,2207.454481005039,7456.964285714285,1925.6237946902133,0
2015-07-31,STORE_386,SKU_TOTAL,10007.0,1,13,4,0,7,212,8658.0,4766.0,7719.0,12802.0,7220.714285714285,2053.24829755767,7221.5,2127.1067726426086,1
2015-07-31,STORE_387,SKU_TOTAL,14533.0,1,13,4,0,7,212,10764.0,7631.0,11293.0,15541.0,9891.857142857143,2863.249286420099,9642.07142857143,2726.3682793615853,1
2015-07-31,STORE_388,SKU_TOTAL,11506.0,1,13,4,0,7,212,10708.0,8329.0,11196.0,16543.0,9570.857142857143,2201.588625557721,10138.25,2438.041649220419,1
2015-07-31,STORE_389,SKU_TOTAL,13404.0,1,13,4,0,7,212,12000.0,9681.0,13389.0,15175.0,10675.285714285714,2260.291184358781,11390.857142857143,2511.5619120569772,1
2015-07-31,STORE_39,SKU_TOTAL,8336.0,1,13,4,0,7,212,5734.0,3802.0,5729.0,8158.0,4836.0,1784.0798748919144,4899.535714285715,1617.7668989747212,1
2015-07-31,STORE_390,SKU_TOTAL,16172.0,1,14,4,0,7,212,11936.0,9138.0,15205.0,18398.0,11675.857142857143,2756.988177254068,12257.57142857143,2924.1122037114897,1
2015-07-31,STORE_391,SKU_TOTAL,8431.0,1,13,4,0,7,212,6777.0,4733.0,5574.0,9706.0,5335.857142857143,1831.0264360511421,5383.357142857143,1858.2643477836175,1
2015-07-31,STORE_392,SKU_TOTAL,7261.0,1,13,4,0,7,212,6805.0,5870.0,8426.0,13965.0,6718.714285714285,2084.581230069064,7159.464285714285,2333.2279735283773,1
2015-07-31,STORE_393,SKU_TOTAL,8124.0,1,13,4,0,7,212,6852.0,4877.0,6131.0,9314.0,6302.571428571428,1375.7420854610111,6036.392857142857,1361.5431696829721,1
2015-07-31,STORE_394,SKU_TOTAL,10549.0,1,16,4,0,7,212,8920.0,7948.0,8977.0,12751.0,9558.285714285714,1883.2976144933511,9035.535714285714,1803.6872004857216,1
2015-07-31,STORE_395,SKU_TOTAL,4966.0,1,13,4,0,7,212,3434.0,3261.0,4386.0,5173.0,3708.285714285714,936.6567699837319,3898.0,921.4796876845049,1
2015-07-31,STORE_396,SKU_TOTAL,13780.0,1,14,4,0,7,212,14092.0,9983.0,11445.0,16187.0,10820.285714285714,3543.50695941507,10778.357142857143,3318.1751367424204,1
2015-07-31,STORE_397,SKU_TOTAL,8130.0,1,13,4,0,7,212,6728.0,4550.0,7293.0,9932.0,5835.714285714285,1914.7606216156125,6024.571428571428,1681.046398737819,1
2015-07-31,STORE_398,SKU_TOTAL,8246.0,1,14,4,0,7,212,7098.0,4585.0,6574.0,9221.0,5938.142857142857,1250.9153220149076,5798.25,1613.4029283659027,1
2015-07-31,STORE_399,SKU_TOTAL,6917.0,0,17,4,0,7,212,6960.0,5272.0,6436.0,10066.0,6518.428571428572,1373.5371439130374,6184.214285714285,1541.425947744922,0
2015-07-31,STORE_4,SKU_TOTAL,13995.0,1,14,4,0,7,212,10387.0,7286.0,11126.0,11692.0,9702.57142857143,1516.292172496883,10276.357142857143,1511.683638623029,1
2015-07-31,STORE_40,SKU_TOTAL,5464.0,1,13,4,0,7,212,5191.0,4027.0,4609.0,4853.0,4618.285714285715,772.0185045859585,4464.821428571428,666.7448872767549,1
2015-07-31,STORE_400,SKU_TOTAL,11084.0,1,13,4,0,7,212,9654.0,7092.0,11208.0,15873.0,9015.0,2693.867108822274,8898.25,2946.537310194913,1
2015-07-31,STORE_401,SKU_TOTAL,8951.0,1,15,4,0,7,212,8706.0,6594.0,9495.0,12812.0,7740.0,2658.8098214541837,7687.321428571428,2625.8863766789095,1
2015-07-31,STORE_402,SKU_TOTAL,6904.0,1,14,4,0,7,212,6815.0,4495.0,6059.0,8164.0,6517.571428571428,1906.4504414510718,6030.464285714285,1560.5168773851017,1
2015-07-31,STORE_403,SKU_TOTAL,8698.0,1,13,4,0,7,212,8227.0,6634.0,8514.0,11483.0,7432.428571428572,1865.9012886651426,7701.357142857143,1822.3742798540056,1
2015-07-31,STORE_404,SKU_TOTAL,6690.0,1,15,4,0,7,212,6772.0,4588.0,6417.0,7729.0,5711.571428571428,1687.4504296054686,5414.035714285715,1425.4656284657076,1
2015-07-31,STORE_405,SKU_TOTAL,5569.0,1,13,4,0,7,212,5084.0,3073.0,5317.0,9227.0,4657.285714285715,1895.4672875283493,4655.392857142857,1845.8226980239529,1
2015-07-31,STORE_406,SKU_TOTAL,10916.0,1,16,4,0,7,212,7903.0,6160.0,7960.0,11318.0,7922.571428571428,1419.182376948808,7597.785714285715,1468.9291730182995,1
2015-07-31,STORE_407,SKU_TOTAL,6393.0,0,17,4,0,7,212,4843.0,3919.0,4777.0,5238.0,4637.428571428572,882.2767625350073,4359.357142857143,691.4572488483318,0
2015-07-31,STORE_408,SKU_TOTAL,7985.0,1,15,4,0,7,212,6129.0,4433.0,5960.0,6701.0,5690.0,1507.4614422912498,5220.75,1152.818241592677,1
2015-07-31,STORE_409,SKU_TOTAL,7235.0,1,16,4,0,7,212,9211.0,6182.0,6545.0,10527.0,7042.285714285715,1609.4752472229047,6574.535714285715,1643.9782706086373,1
2015-07-31,STORE_41,SKU_TOTAL,6938.0,0,17,4,0,7,212,6311.0,5578.0,6267.0,8013.0,6101.714285714285,604.8238625886327,5719.964285714285,1049.4498905388355,0
2015-07-31,STORE_410,SKU_TOTAL,7959.0,1,13,4,0,7,212,6812.0,4045.0,7943.0,11577.0,6356.285714285715,2226.532709114445,6501.607142857143,2046.381129906296,1
2015-07-31,STORE_411,SKU_TOTAL,12977.0,1,16,4,0,7,212,10325.0,8716.0,10046.0,14444.0,10455.285714285714,1755.015832242709,9884.464285714286,2109.469048207259,1
2015-07-31,STORE_412,SKU_TOTAL,12027.0,0,17,4,0,7,212,10247.0,8851.0,8362.0,13574.0,10756.42857142857,1561.3679746859743,9634.607142857143,1941.453280392725,0
2015-07-31,STORE_413,SKU_TOTAL,10228.0,0,17,4,0,7,212,8642.0,6873.0,7577.0,10976.0,7855.0,1775.5872268053656,7368.928571428572,1799.4218192515314,0
2015-07-31,STORE_414,SKU_TOTAL,7805.0,1,16,4,0,7,212,7278.0,6027.0,6513.0,10495.0,7158.285714285715,792.712372021767,7032.321428571428,1214.525575827538,1
2015-07-31,STORE_415,SKU_TOTAL,7713.0,1,16,4,0,7,212,7257.0,5841.0,7076.0,9039.0,6912.714285714285,799.3035956942662,6722.857142857143,1051.7272112980374,1
2015-07-31,STORE_416,SKU_TOTAL,13376.0,1,13,4,0,7,212,12628.0,9419.0,12930.0,17421.0,11215.142857142857,2030.5195089396411,11768.107142857143,2262.4910941391063,1
2015-07-31,STORE_417,SKU_TOTAL,9051.0,1,13,4,0,7,212,7434.0,5634.0,8788.0,12746.0,6441.142857142857,1980.2325981692545,6991.571428571428,2319.7002588709424,1
2015-07-31,STORE_418,SKU_TOTAL,8180.0,1,13,4,0,7,212,6038.0,3665.0,6458.0,8901.0,5141.428571428572,1902.3873472673363,5288.678571428572,1718.430917664057,1
2015-07-31,STORE_419,SKU_TOTAL,8159.0,1,14,4,0,7,212,5614.0,4370.0,6552.0,7573.0,4780.714285714285,1170.1621987672827,5279.178571428572,1398.0757160013243,1
2015-07-31,STORE_42,SKU_TOTAL,11946.0,1,13,4,0,7,212,10853.0,8036.0,11779.0,18911.0,9679.714285714286,2201.118254756645,10262.357142857143,3019.931593710069,1
2015-07-31,STORE_420,SKU_TOTAL,6377.0,0,17,4,0,7,212,5767.0,4456.0,5146.0,6642.0,5664.857142857143,1378.8159689332651,5198.178571428572,970.609585225603,0
2015-07-31,STORE_421,SKU_TOTAL,14471.0,1,14,4,0,7,212,13964.0,8236.0,9873.0,11820.0,11689.285714285714,2341.509891378267,10550.642857142857,1759.4459400258304,1
2015-07-31,STORE_422,SKU_TOTAL,5018.0,1,14,4,0,7,212,4676.0,3588.0,4978.0,5573.0,4126.714285714285,557.9595906132043,4504.0,721.3855495584664,1
2015-07-31,STORE_423,SKU_TOTAL,13331.0,1,14,4,0,7,212,11101.0,11137.0,13242.0,14447.0,11728.57142857143,2110.1504572836448,12011.892857142857,2410.9973706806463,1
2015-07-31,STORE_424,SKU_TOTAL,10141.0,1,13,4,0,7,212,7076.0,5434.0,7955.0,12184.0,6368.857142857143,1046.7343548001509,7309.25,1887.255750691701,1
2015-07-31,STORE_425,SKU_TOTAL,4744.0,1,13,4,0,7,212,3150.0,2791.0,3780.0,5291.0,3064.5714285714284,955.4656556065278,3197.285714285714,904.0251494841476,1
2015-07-31,STORE_426,SKU_TOTAL,5535.0,1,13,4,0,7,212,5125.0,3221.0,6015.0,7582.0,4851.714285714285,1377.3021593284295,4965.142857142857,1264.7037045560571,1
2015-07-31,STORE_427,SKU_TOTAL,10228.0,0,17,4,0,7,212,12943.0,8389.0,9230.0,14411.0,9223.42857142857,2684.087980247372,7854.5,2917.3640245694933,0
2015-07-31,STORE_428,SKU_TOTAL,7940.0,0,17,4,0,7,212,7610.0,6474.0,6719.0,9721.0,7406.142857142857,1136.6539239591689,6871.5,1277.641620765213,0
2015-07-31,STORE_429,SKU_TOTAL,6999.0,0,17,4,0,7,212,6145.0,4729.0,5628.0,8506.0,5732.142857142857,937.1864682045261,5390.285714285715,1185.5880196684288,0
2015-07-31,STORE_43,SKU_TOTAL,8096.0,1,13,4,0,7,212,5982.0,4917.0,7041.0,11757.0,6191.428571428572,1614.5294316640163,6434.25,1973.7305648423733,1
2015-07-31,STORE_430,SKU_TOTAL,11246.0,0,17,4,0,7,212,10116.0,7660.0,9136.0,10843.0,9642.142857142857,1630.1793795523665,9104.07142857143,1332.6926496432882,0
2015-07-31,STORE_431,SKU_TOTAL,12369.0,1,13,4,0,7,212,10765.0,8457.0,10636.0,14238.0,9434.142857142857,1764.6369247481143,9889.392857142857,1951.2986813021278,1
2015-07-31,STORE_432,SKU_TOTAL,13988.0,1,13,4,0,7,212,13839.0,11301.0,13541.0,15925.0,12500.857142857143,2813.6393057479954,11928.642857142857,2596.051349350816,1
2015-07-31,STORE_433,SKU_TOTAL,8970.0,1,14,4,0,7,212,7092.0,5855.0,7355.0,7351.0,5895.571428571428,2014.8115591893607,5647.107142857143,1988.9065735892027,1
2015-07-31,STORE_434,SKU_TOTAL,12333.0,0,17,4,0,7,212,11115.0,9731.0,10039.0,13734.0,10605.285714285714,1012.0154337206861,10284.607142857143,1767.3600597185755,0
2015-07-31,STORE_435,SKU_TOTAL,3142.0,1,13,4,0,7,212,3405.0,2607.0,3579.0,5208.0,2910.5714285714284,672.6026209515244,3069.5,770.39804526564,1
2015-07-31,STORE_436,SKU_TOTAL,7465.0,1,15,4,0,7,212,6333.0,4577.0,5758.0,7380.0,5598.285714285715,1332.505373881896,5620.607142857143,1238.2539480849402,1
2015-07-31,STORE_437,SKU_TOTAL,9287.0,1,15,4,0,7,212,7596.0,6330.0,8028.0,10176.0,8388.142857142857,2054.1298586469643,7449.821428571428,1979.6562562368779,1
2015-07-31,STORE_438,SKU_TOTAL,6736.0,1,15,4,0,7,212,6078.0,4392.0,6338.0,11797.0,5799.428571428572,1706.9096692687694,5803.642857142857,2018.755891435899,1
2015-07-31,STORE_439,SKU_TOTAL,8562.0,1,14,4,0,7,212,6905.0,5650.0,8246.0,11492.0,6787.285714285715,1878.4627326860923,7145.964285714285,1986.2886941368108,1
2015-07-31,STORE_44,SKU_TOTAL,6670.0,1,14,4,0,7,212,5159.0,4460.0,6324.0,8698.0,5226.142857142857,1711.6091287206154,5326.714285714285,1622.7374187340497,1
2015-07-31,STORE_440,SKU_TOTAL,8230.0,1,15,4,0,7,212,6681.0,4509.0,5510.0,7530.0,5551.285714285715,1432.419016241767,5604.178571428572,1305.880660805354,1
2015-07-31,STORE_441,SKU_TOTAL,8718.0,1,13,4,0,7,212,6399.0,4941.0,6467.0,9030.0,6067.0,964.4927855245625,6553.75,1289.6230464180744,1
2015-07-31,STORE_442,SKU_TOTAL,7478.0,1,15,4,0,7,212,5809.0,3316.0,5389.0,6689.0,5216.285714285715,1429.3605463369086,4765.892857142857,1125.2007010866337,1
2015-07-31,STORE_443,SKU_TOTAL,7056.0,1,15,4,0,7,212,5920.0,4772.0,6659.0,7803.0,5583.571428571428,1301.183161220376,5346.0,1328.2334132225783,1
2015-07-31,STORE_444,SKU_TOTAL,14441.0,1,15,4,0,7,212,12129.0,9854.0,11752.0,13235.0,12464.857142857143,1989.1256394500094,11902.464285714286,1895.5590298680495,1
2015-07-31,STORE_445,SKU_TOTAL,11042.0,1,13,4,0,7,212,9424.0,7868.0,9234.0,10903.0,9040.42857142857,799.7868168305157,8714.785714285714,1323.0457106167005,1
2015-07-31,STORE_446,SKU_TOTAL,7952.0,1,13,4,0,7,212,5561.0,3981.0,5931.0,7538.0,4804.714285714285,1685.1499156133998,4671.464285714285,1442.0661997994457,1
2015-07-31,STORE_447,SKU_TOTAL,5700.0,1,14,4,0,7,212,4704.0,4314.0,5463.0,7300.0,4840.857142857143,559.2925378133892,5510.464285714285,976.7806335536194,1
2015-07-31,STORE_448,SKU_TOTAL,8924.0,1,13,4,0,7,212,8584.0,7436.0,9561.0,13563.0,8176.857142857143,2064.399463004342,8554.714285714286,2076.396091828161,1
2015-07-31,STORE_449,SKU_TOTAL,13829.0,1,16,4,0,7,212,11944.0,9609.0,13895.0,18221.0,11343.714285714286,2490.7396300610353,10892.892857142857,3050.0879445644105,1
2015-07-31,STORE_45,SKU_TOTAL,6301.0,1,16,4,0,7,212,6063.0,4456.0,4743.0,8569.0,5649.714285714285,960.7480964114828,5542.321428571428,1155.5217213076942,1
2015-07-31,STORE_450,SKU_TOTAL,10830.0,1,15,4,0,7,212,13984.0,9251.0,9073.0,12094.0,11063.42857142857,2446.7829802366464,9678.0,2122.2872357699084,1
2015-07-31,STORE_451,SKU_TOTAL,6628.0,1,16,4,0,7,212,6385.0,4732.0,5756.0,10234.0,6019.714285714285,879.3498951448577,5900.0,1441.3940782763352,1
2015-07-31,STORE_452,SKU_TOTAL,7541.0,1,14,4,0,7,212,6254.0,3873.0,5177.0,8067.0,5151.857142857143,1846.3634012620953,5119.821428571428,1601.2799291119993,1
2015-07-31,STORE_453,SKU_TOTAL,13328.0,1,14,4,0,7,212,12678.0,9758.0,10444.0,11590.0,12394.42857142857,3378.888912898523,11024.392857142857,2933.2831983000588,1
2015-07-31,STORE_454,SKU_TOTAL,8073.0,1,14,4,0,7,212,7210.0,5067.0,7698.0,10033.0,6281.428571428572,2498.555373085991,6313.464285714285,2246.352425800678,1
2015-07-31,STORE_455,SKU_TOTAL,9743.0,1,15,4,0,7,212,9372.0,7269.0,8006.0,9156.0,8459.57142857143,1067.6915686234179,8404.392857142857,1362.776151812229,1
2015-07-31,STORE_456,SKU_TOTAL,7183.0,1,13,4,0,7,212,7231.0,4579.0,7062.0,10193.0,5604.142857142857,1634.8286789507663,5890.107142857143,1648.6849830339424,1
2015-07-31,STORE_457,SKU_TOTAL,7040.0,0,17,4,0,7,212,6350.0,4791.0,5834.0,8854.0,5928.857142857143,838.9770415133622,5735.25,1277.973210900362,0
2015-07-31,STORE_458,SKU_TOTAL,9276.0,1,16,4,0,7,212,7531.0,6832.0,8539.0,9872.0,8371.142857142857,1705.4549176644396,8022.285714285715,1486.8530988524274,1
2015-07-31,STORE_459,SKU_TOTAL,13873.0,1,14,4,0,7,212,10847.0,7568.0,11053.0,13748.0,9594.42857142857,3175.877141679575,9604.57142857143,2911.066654816372,1
2015-07-31,STORE_46,SKU_TOTAL,7628.0,0,17,4,0,7,212,7057.0,4350.0,5216.0,8621.0,6424.857142857143,1912.3611434174559,5331.321428571428,1607.0270700798474,0
2015-07-31,STORE_460,SKU_TOTAL,5538.0,1,14,4,0,7,212,4472.0,4010.0,4628.0,6770.0,4303.428571428572,1634.8285187476044,4103.071428571428,1455.8196349565746,1
2015-07-31,STORE_461,SKU_TOTAL,6252.0,1,15,4,0,7,212,4882.0,4266.0,4846.0,6608.0,5325.428571428572,1129.737264017731,4817.107142857143,1012.83062601076,1
2015-07-31,STORE_462,SKU_TOTAL,5518.0,1,14,4,0,7,212,5259.0,4282.0,4940.0,6656.0,4801.571428571428,1473.4277334536675,4701.857142857143,1408.0453673852228,1
2015-07-31,STORE_463,SKU_TOTAL,6403.0,1,13,4,0,7,212,6068.0,4726.0,6833.0,9660.0,5186.714285714285,1410.5086215350163,5954.857142857143,1699.850313983031,1
2015-07-31,STORE_464,SKU_TOTAL,11967.0,1,14,4,0,7,212,10953.0,9175.0,11644.0,12675.0,11065.857142857143,1297.6391933758343,10937.75,1420.0316017613134,1
2015-07-31,STORE_465,SKU_TOTAL,10130.0,1,16,4,0,7,212,9077.0,7340.0,8815.0,11656.0,8970.285714285714,1674.9372838279658,8477.107142857143,1762.0773586099806,1
2015-07-31,STORE_466,SKU_TOTAL,9329.0,1,13,4,0,7,212,8869.0,5465.0,10337.0,13094.0,7150.428571428572,2361.9003547376346,7734.321428571428,2414.212072270229,1
2015-07-31,STORE_467,SKU_TOTAL,17208.0,1,13,4,0,7,212,14503.0,11825.0,15191.0,20656.0,12490.57142857143,2067.028451435061,13620.5,2659.337448814506,1
2015-07-31,STORE_468,SKU_TOTAL,8281.0,1,14,4,0,7,212,9458.0,4968.0,6728.0,7581.0,7609.571428571428,2041.2819384828406,6623.678571428572,1434.0225230318708,1
2015-07-31,STORE_469,SKU_TOTAL,16964.0,1,14,4,0,7,212,12844.0,8151.0,13887.0,17134.0,11614.142857142857,2901.3439086369704,11929.17857142857,2933.113969746962,1
2015-07-31,STORE_47,SKU_TOTAL,9379.0,1,13,4,0,7,212,7585.0,6246.0,9429.0,11392.0,7003.571428571428,1439.0461953586314,7449.107142857143,2010.5174815584946,1
2015-07-31,STORE_470,SKU_TOTAL,15098.0,1,13,4,0,7,212,12576.0,9511.0,13332.0,18235.0,11771.285714285714,2491.6831469423587,12005.785714285714,2555.5580438222482,1
2015-07-31,STORE_471,SKU_TOTAL,9116.0,0,17,4,0,7,212,8119.0,7445.0,6483.0,9808.0,7939.428571428572,1403.3052479922592,7313.75,1419.0229717824402,0
2015-07-31,STORE_472,SKU_TOTAL,7981.0,1,13,4,0,7,212,6281.0,4339.0,6254.0,6850.0,5024.428571428572,906.973328738517,5466.964285714285,1073.969186473392,1
2015-07-31,STORE_473,SKU_TOTAL,4267.0,1,13,4,0,7,212,4171.0,2831.0,4441.0,5207.0,3387.285714285714,940.8775538953852,3382.1071428571427,967.4090382859498,1
2015-07-31,STORE_474,SKU_TOTAL,9034.0,1,13,4,0,7,212,7921.0,5968.0,9202.0,11133.0,7583.714285714285,2262.412997536838,7622.571428571428,2142.049354976457,1
2015-07-31,STORE_475,SKU_TOTAL,6834.0,1,13,4,0,7,212,5814.0,4729.0,6512.0,10278.0,6250.285714285715,1399.8765081572674,6291.107142857143,1420.7004359955758,1
2015-07-31,STORE_476,SKU_TOTAL,7562.0,1,15,4,0,7,212,7205.0,5383.0,7149.0,8978.0,6220.428571428572,2040.4883285730841,6153.964285714285,1890.3902493865248,1
2015-07-31,STORE_477,SKU_TOTAL,7885.0,0,17,4,0,7,212,6766.0,5462.0,6279.0,10102.0,6835.857142857143,1117.8232460988777,6744.607142857143,1609.1994176841265,0
2015-07-31,STORE_478,SKU_TOTAL,10068.0,1,14,4,0,7,212,7985.0,5452.0,8063.0,10277.0,6765.714285714285,1878.900096179636,7066.714285714285,1805.0330428322063,1
2015-07-31,STORE_479,SKU_TOTAL,16699.0,1,14,4,0,7,212,14465.0,10426.0,11592.0,15069.0,12612.0,3696.358162659655,11749.75,2969.5099810874685,1
2015-07-31,STORE_48,SKU_TOTAL,3874.0,1,13,4,0,7,212,3297.0,2834.0,4099.0,5030.0,3241.5714285714284,743.455189667477,3494.8214285714284,802.513184551099,1
2015-07-31,STORE_480,SKU_TOTAL,6233.0,1,14,4,0,7,212,4940.0,3871.0,5489.0,7760.0,4681.142857142857,1445.5827462259122,4890.071428571428,1472.181247109516,1
2015-07-31,STORE_481,SKU_TOTAL,8419.0,1,16,4,0,7,212,6485.0,5834.0,6107.0,8454.0,6347.857142857143,1110.0556185100854,6018.392857142857,1296.4627471562474,1
2015-07-31,STORE_482,SKU_TOTAL,9814.0,1,14,4,0,7,212,9017.0,5691.0,7966.0,9823.0,8220.0,1983.8303018811112,7837.25,1560.976608480639,1
2015-07-31,STORE_483,SKU_TOTAL,6200.0,1,14,4,0,7,212,7614.0,3982.0,5628.0,8950.0,4798.285714285715,1997.953595913588,4997.571428571428,2033.9130763428725,1
2015-07-31,STORE_484,SKU_TOTAL,10638.0,1,14,4,0,7,212,8031.0,7273.0,7585.0,9476.0,7879.142857142857,744.1163503459128,7957.535714285715,1199.6160645733028,1
2015-07-31,STORE_485,SKU_TOTAL,6914.0,0,17,4,0,7,212,6782.0,4616.0,5383.0,7187.0,6077.571428571428,1163.4401369971672,5518.464285714285,1154.7710525746643,0
2015-07-31,STORE_486,SKU_TOTAL,6225.0,1,13,4,0,7,212,5735.0,3947.0,5085.0,8621.0,4411.428571428572,1413.94729476599,4452.964285714285,1467.1843904964712,1
2015-07-31,STORE_487,SKU_TOTAL,9624.0,1,14,4,0,7,212,9484.0,6349.0,7836.0,9400.0,8000.285714285715,1384.9348617980324,7483.928571428572,1521.3457718985173,1
2015-07-31,STORE_488,SKU_TOTAL,4184.0,1,14,4,0,7,212,2999.0,2601.0,4264.0,5437.0,3529.1428571428573,716.8557336397434,3866.464285714286,838.4854283136992,1
2015-07-31,STORE_489,SKU_TOTAL,9010.0,1,14,4,0,7,212,10307.0,6025.0,9200.0,14713.0,8300.285714285714,3297.915286675832,7988.785714285715,3278.4730225807325,1
2015-07-31,STORE_49,SKU_TOTAL,10310.0,1,15,4,0,7,212,8996.0,6284.0,7647.0,10957.0,8675.285714285714,1514.6638476650307,8011.035714285715,1464.5794613739827,1
2015-07-31,STORE_490,SKU_TOTAL,9184.0,0,17,4,0,7,212,8458.0,6669.0,7811.0,10371.0,8560.42857142857,1080.4016008144683,8210.035714285714,1123.3485815700737,0
2015-07-31,STORE_491,SKU_TOTAL,9951.0,1,15,4,0,7,212,8141.0,5992.0,6887.0,10722.0,7982.428571428572,1700.7861767554734,7191.035714285715,1689.4600821117876,1
2015-07-31,STORE_492,SKU_TOTAL,10485.0,0,17,4,0,7,212,8929.0,6885.0,9528.0,11651.0,8225.57142857143,1596.1687313822633,8149.75,1786.0115844055595,0
2015-07-31,STORE_493,SKU_TOTAL,11090.0,1,13,4,0,7,212,10321.0,6340.0,9700.0,15213.0,8503.714285714286,1668.4176849408589,8969.25,2279.3070523494303,1
2015-07-31,STORE_494,SKU_TOTAL,9970.0,1,14,4,0,7,212,9013.0,6358.0,7918.0,9133.0,7600.857142857143,1586.6057511299718,7345.678571428572,1362.0483227842374,1
2015-07-31,STORE_495,SKU_TOTAL,6995.0,1,15,4,0,7,212,6671.0,4464.0,6428.0,8935.0,6205.0,1802.6735700050995,5791.0,1593.6984704820309,1
2015-07-31,STORE_496,SKU_TOTAL,10834.0,1,14,4,0,7,212,8172.0,5820.0,9202.0,12369.0,7415.857142857143,1837.5999227757136,7882.035714285715,2058.812917267677,1
2015-07-31,STORE_497,SKU_TOTAL,11353.0,1,16,4,0,7,212,9264.0,8779.0,9407.0,12526.0,9571.714285714286,1664.8557209029154,9021.142857142857,1713.678796004091,1
2015-07-31,STORE_498,SKU_TOTAL,7685.0,0,17,4,0,7,212,6953.0,6312.0,7158.0,9097.0,7097.857142857143,736.1343692008211,7053.25,809.5488741461605,0
2015-07-31,STORE_499,SKU_TOTAL,7716.0,1,15,4,0,7,212,6651.0,5150.0,6299.0,7602.0,6203.285714285715,1333.4691240358104,5726.678571428572,1116.985263127708,1
2015-07-31,STORE_5,SKU_TOTAL,4822.0,1,15,4,0,7,212,4943.0,3713.0,6323.0,7623.0,4791.714285714285,1722.480451197321,4772.357142857143,1613.893571559145,1
2015-07-31,STORE_50,SKU_TOTAL,5729.0,1,16,4,0,7,212,5324.0,3794.0,4535.0,7372.0,4843.0,1032.0469950515726,4679.214285714285,1179.2732337295083,1
2015-07-31,STORE_500,SKU_TOTAL,7364.0,0,17,4,0,7,212,7853.0,5950.0,5654.0,8084.0,6871.285714285715,912.6358737689884,6483.035714285715,1032.0675933278978,0
2015-07-31,STORE_501,SKU_TOTAL,6626.0,0,17,4,0,7,212,6097.0,3861.0,6284.0,6887.0,5210.0,2191.8171304486814,5035.464285714285,1453.0884218252475,0
2015-07-31,STORE_502,SKU_TOTAL,15473.0,1,16,4,0,7,212,12534.0,9236.0,12578.0,15556.0,10634.714285714286,1892.3460495963777,10596.107142857143,2607.664306662914,1
2015-07-31,STORE_503,SKU_TOTAL,9654.0,1,14,4,0,7,212,9715.0,5745.0,7434.0,12065.0,7716.428571428572,2089.1853162677944,7117.285714285715,2041.125485774709,1
2015-07-31,STORE_504,SKU_TOTAL,10679.0,1,13,4,0,7,212,7075.0,5933.0,7787.0,9585.0,6378.0,809.0819900735758,7014.75,1374.7187355432688,1
2015-07-31,STORE_505,SKU_TOTAL,7087.0,1,15,4,0,7,212,6546.0,4337.0,4921.0,7015.0,5099.857142857143,1582.01911372311,4831.071428571428,1232.2287524706464,1
2015-07-31,STORE_506,SKU_TOTAL,11162.0,1,13,4,0,7,212,7922.0,5810.0,8191.0,12268.0,7271.571428571428,2434.010192879689,7268.392857142857,2153.58628268891,1
2015-07-31,STORE_507,SKU_TOTAL,10706.0,1,13,4,0,7,212,9704.0,6945.0,9062.0,15498.0,8488.285714285714,1493.1550169879927,8558.892857142857,2278.0383429170356,1
2015-07-31,STORE_508,SKU_TOTAL,11201.0,1,13,4,0,7,212,8006.0,5645.0,8345.0,13455.0,7235.571428571428,1966.1650369120478,7498.035714285715,2201.162596551339,1
2015-07-31,STORE_509,SKU_TOTAL,8130.0,1,16,4,0,7,212,6975.0,5306.0,7060.0,11284.0,6481.857142857143,1893.6384227684125,6355.642857142857,2062.259139054982,1
2015-07-31,STORE_51,SKU_TOTAL,9198.0,0,17,4,0,7,212,8280.0,7042.0,7522.0,10330.0,7574.0,961.3395168518913,7367.535714285715,1186.4936978236358,0
2015-07-31,STORE_510,SKU_TOTAL,11537.0,1,13,4,0,7,212,9186.0,7077.0,9293.0,12362.0,7960.428571428572,1962.7537506545723,8306.857142857143,2150.680421432616,1
2015-07-31,STORE_511,SKU_TOTAL,7376.0,1,13,4,0,7,212,5440.0,5573.0,6432.0,7332.0,6054.857142857143,691.9242320162982,5945.571428571428,654.006310344487,1
2015-07-31,STORE_512,SKU_TOTAL,8548.0,0,17,4,0,7,212,6606.0,6767.0,7340.0,7897.0,6473.0,897.2937088792364,6620.357142857143,1087.946969510694,0
2015-07-31,STORE_513,SKU_TOTAL,19959.0,1,14,4,0,7,212,17623.0,14959.0,20999.0,23582.0,16868.428571428572,2044.0131977009962,17594.64285714286,2969.243802150846,1
2015-07-31,STORE_514,SKU_TOTAL,7568.0,0,17,4,0,7,212,6981.0,4934.0,6016.0,10166.0,6538.142857142857,1670.3747512209466,6030.857142857143,1832.370286739715,0
2015-07-31,STORE_515,SKU_TOTAL,12823.0,1,13,4,0,7,212,10131.0,6428.0,9196.0,12866.0,8650.0,1366.2164298991422,8939.67857142857,1720.8378892289456,1
2015-07-31,STORE_516,SKU_TOTAL,7303.0,1,13,4,0,7,212,7996.0,4996.0,6722.0,11657.0,6141.285714285715,1904.0974864979416,6003.25,1987.4850593433632,1
2015-07-31,STORE_517,SKU_TOTAL,7755.0,1,16,4,0,7,212,7802.0,6166.0,7498.0,10357.0,6857.714285714285,2045.2799901451067,6644.928571428572,2029.7023122103703,1
2015-07-31,STORE_518,SKU_TOTAL,8027.0,0,17,4,0,7,212,7440.0,5228.0,6509.0,12471.0,6995.857142857143,1602.5577918387903,6168.107142857143,2169.185737984389,0
2015-07-31,STORE_519,SKU_TOTAL,8175.0,1,14,4,0,7,212,6309.0,4501.0,6143.0,8894.0,5914.714285714285,1198.1794125899953,5602.392857142857,1344.1523100236002,1
2015-07-31,STORE_52,SKU_TOTAL,8031.0,0,17,4,0,7,212,7024.0,6213.0,6395.0,9885.0,7118.714285714285,1138.088706891823,6854.5,1535.721630350823,0
2015-07-31,STORE_520,SKU_TOTAL,5170.0,1,14,4,0,7,212,4281.0,4175.0,4669.0,5489.0,4597.0,828.4352720595923,4522.357142857143,790.4006117069196,1
2015-07-31,STORE_521,SKU_TOTAL,8340.0,1,16,4,0,7,212,6260.0,4814.0,5530.0,7603.0,5536.0,786.9682331534264,5434.571428571428,996.0787723051853,1
2015-07-31,STORE_522,SKU_TOTAL,11473.0,0,17,4,0,7,212,10430.0,8779.0,7752.0,14489.0,10035.714285714286,1317.0843701480733,9001.035714285714,2173.362192755683,0
2015-07-31,STORE_523,SKU_TOTAL,15349.0,1,14,4,0,7,212,14171.0,11202.0,15269.0,16796.0,13112.42857142857,1623.210076476595,13666.107142857143,1843.3325163602553,1
2015-07-31,STORE_524,SKU_TOTAL,11966.0,1,14,4,0,7,212,10041.0,7108.0,8909.0,10079.0,8167.142857142857,3076.7689453144367,7685.0,2674.3201282099844,1
2015-07-31,STORE_525,SKU_TOTAL,10461.0,1,14,4,0,7,212,9673.0,8709.0,10607.0,12602.0,9728.714285714286,1304.3597042570113,9707.892857142857,1324.2862602950552,1
2015-07-31,STORE_526,SKU_TOTAL,11006.0,1,13,4,0,7,212,13164.0,8945.0,12948.0,17449.0,11262.142857142857,3208.267311626544,11023.75,3130.0596329071454,1
2015-07-31,STORE_527,SKU_TOTAL,14510.0,1,13,4,0,7,212,10469.0,8817.0,10425.0,15838.0,10445.857142857143,1799.7074233102596,10768.392857142857,2068.124277003606,1
2015-07-31,STORE_528,SKU_TOTAL,14384.0,1,13,4,0,7,212,12792.0,9453.0,12460.0,18660.0,11062.142857142857,2430.6434284330326,11008.142857142857,3057.5292459674765,1
2015-07-31,STORE_529,SKU_TOTAL,11283.0,1,14,4,0,7,212,8731.0,6927.0,8299.0,12120.0,8288.142857142857,1418.281052137153,8499.82142857143,1666.5370850421566,1
2015-07-31,STORE_53,SKU_TOTAL,7540.0,1,14,4,0,7,212,6797.0,4517.0,7377.0,7513.0,5459.428571428572,1596.155679241532,5648.214285714285,1456.9231494811384,1
2015-07-31,STORE_530,SKU_TOTAL,9561.0,1,14,4,0,7,212,8020.0,6894.0,7676.0,6731.0,8244.857142857143,1346.35872245026,7496.035714285715,1160.7002191256859,1
2015-07-31,STORE_531,SKU_TOTAL,5374.0,1,13,4,0,7,212,5144.0,4501.0,6021.0,6720.0,4681.285714285715,671.444143685256,5219.928571428572,865.060859713071,1
2015-07-31,STORE_532,SKU_TOTAL,10981.0,1,13,4,0,7,212,11119.0,9013.0,10299.0,15830.0,10434.714285714286,1262.679256484469,10865.392857142857,1603.9474069902997,1
2015-07-31,STORE_533,SKU_TOTAL,15364.0,1,15,4,0,7,212,13128.0,9439.0,11908.0,16483.0,11761.714285714286,3410.869327814087,11125.285714285714,2693.701568022233,1
2015-07-31,STORE_534,SKU_TOTAL,10914.0,0,17,4,0,7,212,9246.0,6921.0,9179.0,13886.0,8884.285714285714,2164.268291614866,7777.535714285715,3152.5332844855548,0
2015-07-31,STORE_535,SKU_TOTAL,8794.0,1,13,4,0,7,212,9373.0,7286.0,9545.0,13050.0,7918.428571428572,2147.308071138165,8327.607142857143,2113.26868704654,1
2015-07-31,STORE_536,SKU_TOTAL,13528.0,1,13,4,0,7,212,10052.0,6639.0,8541.0,13118.0,8079.428571428572,2245.578088683421,8286.892857142857,2219.563309390425,1
2015-07-31,STORE_537,SKU_TOTAL,8220.0,1,15,4,0,7,212,8144.0,5804.0,6560.0,9999.0,6923.428571428572,1599.1624742475935,6291.857142857143,1670.8210160656377,1
2015-07-31,STORE_538,SKU_TOTAL,4509.0,1,14,4,0,7,212,3834.0,3459.0,3857.0,6584.0,3673.1428571428573,993.2412309459206,4076.3928571428573,1168.0716092750692,1
2015-07-31,STORE_539,SKU_TOTAL,14009.0,0,17,4,0,7,212,13424.0,10954.0,11800.0,14722.0,12268.714285714286,1380.7280343196885,11931.57142857143,1619.3675132149142,0
2015-07-31,STORE_54,SKU_TOTAL,10732.0,1,14,4,0,7,212,9905.0,6186.0,8239.0,10446.0,8663.857142857143,1716.8996698074075,7965.821428571428,1639.8549631797468,1
2015-07-31,STORE_540,SKU_TOTAL,8908.0,0,17,4,0,7,212,8241.0,7299.0,7915.0,11189.0,8388.857142857143,1876.169451173894,7261.535714285715,1886.5013371250343,0
2015-07-31,STORE_541,SKU_TOTAL,9015.0,1,13,4,0,7,212,8756.0,4811.0,7363.0,11590.0,6976.571428571428,2122.532438474209,6971.964285714285,2199.5968398635537,1
2015-07-31,STORE_542,SKU_TOTAL,6598.0,0,17,4,0,7,212,7236.0,5969.0,6789.0,9867.0,6746.714285714285,1252.4904143703172,6332.464285714285,1455.5154739730983,0
2015-07-31,STORE_543,SKU_TOTAL,3377.0,1,16,4,0,7,212,3309.0,2111.0,3531.0,5855.0,2888.714285714286,1155.770985715844,2805.1428571428573,1216.2284359729165,1
2015-07-31,STORE_544,SKU_TOTAL,17626.0,1,15,4,0,7,212,14988.0,11439.0,16718.0,23349.0,13629.57142857143,3609.562109043476,13726.892857142857,4421.452395354845,1
2015-07-31,STORE_545,SKU_TOTAL,15112.0,1,13,4,0,7,212,12624.0,8907.0,13212.0,18062.0,11004.57142857143,3069.246262365097,11314.357142857143,3301.5937701781827,1
2015-07-31,STORE_546,SKU_TOTAL,14468.0,1,14,4,0,7,212,14553.0,14443.0,16174.0,19668.0,13851.285714285714,1409.7151856870892,15277.0,1951.5920376651977,1
2015-07-31,STORE_547,SKU_TOTAL,6818.0,0,17,4,0,7,212,8165.0,5898.0,6209.0,7439.0,7158.571428571428,1269.396688342568,6457.214285714285,1102.2752347410633,0
2015-07-31,STORE_548,SKU_TOTAL,5101.0,1,16,4,0,7,212,4674.0,4209.0,5430.0,8157.0,4995.285714285715,1153.635227482726,5098.285714285715,1299.8736934987924,1
2015-07-31,STORE_549,SKU_TOTAL,6023.0,1,13,4,0,7,212,4629.0,4071.0,5538.0,6120.0,4515.714285714285,782.9118116082617,4869.892857142857,892.1097897606738,1
2015-07-31,STORE_55,SKU_TOTAL,6096.0,1,15,4,0,7,212,5610.0,4406.0,6202.0,8172.0,4963.142857142857,1353.1580874080032,5133.357142857143,1357.6769706437253,1
2015-07-31,STORE_550,SKU_TOTAL,6482.0,1,16,4,0,7,212,5810.0,4325.0,5148.0,6007.0,5549.428571428572,1069.0080849592443,5282.5,984.3190351534637,1
2015-07-31,STORE_551,SKU_TOTAL,11632.0,1,14,4,0,7,212,6429.0,4770.0,7675.0,8894.0,5811.857142857143,986.609079719238,6915.25,1845.002090233109,1
2015-07-31,STORE_552,SKU_TOTAL,8985.0,1,16,4,0,7,212,9055.0,7252.0,10957.0,16226.0,8568.285714285714,3124.7639758478035,8145.928571428572,3353.4463745977014,1
2015-07-31,STORE_553,SKU_TOTAL,9736.0,1,15,4,0,7,212,8898.0,5841.0,7657.0,10638.0,8298.285714285714,1585.0262578549007,7584.25,1703.6983436915946,1
2015-07-31,STORE_554,SKU_TOTAL,5927.0,1,13,4,0,7,212,5086.0,4568.0,5629.0,8498.0,5727.571428571428,1018.7326860900837,5751.142857142857,970.8047335536118,1
2015-07-31,STORE_555,SKU_TOTAL,5886.0,0,17,4,0,7,212,5990.0,3995.0,5567.0,6644.0,5273.857142857143,1246.7448854989411,5099.25,1078.530434503735,0
2015-07-31,STORE_556,SKU_TOTAL,9036.0,1,14,4,0,7,212,7837.0,6380.0,8912.0,10873.0,7237.0,1709.9597461131912,7395.928571428572,1869.5776692550123,1
2015-07-31,STORE_557,SKU_TOTAL,5417.0,1,13,4,0,7,212,4196.0,3158.0,5981.0,7089.0,4002.4285714285716,1328.0558292888647,4117.857142857143,1213.9975201124494,1
2015-07-31,STORE_558,SKU_TOTAL,4376.0,1,13,4,0,7,212,3500.0,2741.0,3957.0,4228.0,3346.5714285714284,573.4526592272036,3419.4285714285716,632.0085224823823,1
2015-07-31,STORE_559,SKU_TOTAL,9950.0,1,14,4,0,7,212,7387.0,5147.0,6459.0,9657.0,6078.714285714285,2361.4011881555866,6143.214285714285,2253.3267481358516,1
2015-07-31,STORE_56,SKU_TOTAL,10022.0,1,16,4,0,7,212,8705.0,7487.0,8645.0,11070.0,8640.285714285714,877.6091981948555,8557.82142857143,1248.8940308390347,1
2015-07-31,STORE_560,SKU_TOTAL,18197.0,1,14,4,0,7,212,14653.0,11531.0,17493.0,20929.0,14594.857142857143,2691.197529512123,15076.75,2902.0755742892284,1
2015-07-31,STORE_561,SKU_TOTAL,9522.0,1,13,4,0,7,212,7535.0,6037.0,8111.0,9704.0,7073.857142857143,1806.1828468303722,7122.857142857143,1667.6459726058629,1
2015-07-31,STORE_562,SKU_TOTAL,20303.0,1,13,4,0,7,212,18577.0,16227.0,17687.0,19083.0,17529.0,2701.0763903788798,17258.285714285714,2596.315150320738,1
2015-07-31,STORE_563,SKU_TOTAL,5754.0,1,13,4,0,7,212,4898.0,4086.0,5229.0,6576.0,4085.0,995.7854521225032,4388.964285714285,1077.99128980916,1
2015-07-31,STORE_564,SKU_TOTAL,5924.0,1,13,4,0,7,212,6413.0,4488.0,5956.0,9047.0,5785.285714285715,944.8890083432152,6085.785714285715,1146.7964189248644,1
2015-07-31,STORE_565,SKU_TOTAL,8283.0,1,13,4,0,7,212,6938.0,5023.0,7687.0,10448.0,6588.285714285715,1689.4142687397248,6652.928571428572,1656.936394957489,1
2015-07-31,STORE_566,SKU_TOTAL,7202.0,1,13,4,0,7,212,5741.0,4170.0,6498.0,8501.0,5083.428571428572,1085.1248556610335,5564.964285714285,1503.3717039251944,1
2015-07-31,STORE_567,SKU_TOTAL,8601.0,1,13,4,0,7,212,5983.0,3857.0,5807.0,7223.0,4951.857142857143,1558.2969794563767,5026.535714285715,1409.3379449678657,1
2015-07-31,STORE_568,SKU_TOTAL,6660.0,1,16,4,0,7,212,6137.0,4438.0,5098.0,6911.0,5747.857142857143,936.1834628869841,5454.0,929.9262814294333,1
2015-07-31,STORE_569,SKU_TOTAL,4680.0,1,14,4,0,7,212,4304.0,4149.0,4921.0,5980.0,4323.0,684.615220391896,4569.071428571428,776.3433246166139,1
2015-07-31,STORE_57,SKU_TOTAL,11594.0,1,15,4,0,7,212,9820.0,8135.0,10987.0,13545.0,9592.142857142857,2620.4723129334466,9123.107142857143,2476.2390290191747,1
2015-07-31,STORE_570,SKU_TOTAL,6102.0,1,13,4,0,7,212,3908.0,3338.0,5056.0,6537.0,3704.4285714285716,1128.7749786265263,4005.714285714286,1186.3171101012572,1
2015-07-31,STORE_571,SKU_TOTAL,10677.0,0,17,4,0,7,212,8559.0,8254.0,7453.0,12874.0,9096.42857142857,1294.1356004586519,8453.25,1831.4435234622647,0
2015-07-31,STORE_572,SKU_TOTAL,8531.0,1,13,4,0,7,212,7766.0,5209.0,7444.0,12171.0,6834.142857142857,1588.1103476092183,6960.357142857143,1898.6713915033167,1
2015-07-31,STORE_573,SKU_TOTAL,4806.0,0,17,4,0,7,212,4298.0,2999.0,4559.0,7063.0,4129.857142857143,1166.8813747975814,4041.464285714286,1278.7164421492253,0
2015-07-31,STORE_574,SKU_TOTAL,11592.0,1,15,4,0,7,212,11157.0,7883.0,11201.0,15135.0,10482.142857142857,2366.1285135958396,9767.964285714286,2215.7394799757412,1
2015-07-31,STORE_575,SKU_TOTAL,7826.0,0,17,4,0,7,212,7689.0,4497.0,6679.0,12237.0,6121.857142857143,2562.732553906094,5447.035714285715,2798.758077515652,0
2015-07-31,STORE_576,SKU_TOTAL,9123.0,1,14,4,0,7,212,6691.0,4300.0,8439.0,10540.0,6476.0,1796.1001271253265,6917.785714285715,1909.789116866749,1
2015-07-31,STORE_577,SKU_TOTAL,7292.0,1,14,4,0,7,212,4061.0,4010.0,6078.0,6639.0,4696.714285714285,839.4479762048168,5100.035714285715,981.5606048042708,1
2015-07-31,STORE_578,SKU_TOTAL,13399.0,1,14,4,0,7,212,12541.0,9379.0,10894.0,12648.0,11659.42857142857,3213.3215347532155,10705.785714285714,2498.4462780363324,1
2015-07-31,STORE_579,SKU_TOTAL,9654.0,1,13,4,0,7,212,8129.0,5756.0,8742.0,11242.0,7771.571428571428,1687.9392620513354,8006.571428571428,1879.5514521762927,1
2015-07-31,STORE_58,SKU_TOTAL,8581.0,0,17,4,0,7,212,8433.0,5917.0,7441.0,14457.0,7953.714285714285,1560.256358665266,7392.142857142857,2412.409640822833,0
2015-07-31,STORE_580,SKU_TOTAL,12253.0,1,14,4,0,7,212,8995.0,7838.0,11037.0,11478.0,8915.285714285714,1103.2243220468026,9869.857142857143,1588.1605645643356,1
2015-07-31,STORE_581,SKU_TOTAL,6455.0,1,16,4,0,7,212,5747.0,4564.0,6708.0,8883.0,5597.428571428572,2293.823072014769,5357.428571428572,2020.2360043398492,1
2015-07-31,STORE_582,SKU_TOTAL,7463.0,1,16,4,0,7,212,7535.0,5610.0,7106.0,11082.0,6592.571428571428,1814.47447461813,6327.928571428572,1814.4650865386157,1
2015-07-31,STORE_583,SKU_TOTAL,5602.0,1,14,4,0,7,212,4532.0,3242.0,5105.0,6725.0,4328.142857142857,1356.2929168078156,4373.642857142857,1203.8287134940063,1
2015-07-31,STORE_584,SKU_TOTAL,6487.0,1,16,4,0,7,212,5301.0,4570.0,4897.0,6752.0,5293.142857142857,928.330657425804,5069.75,943.2266380591906,1
2015-07-31,STORE_585,SKU_TOTAL,8122.0,1,14,4,0,7,212,5863.0,4192.0,5980.0,7155.0,4780.0,1082.5038875954942,5215.642857142857,1425.168585591937,1
2015-07-31,STORE_586,SKU_TOTAL,17879.0,1,13,4,0,7,212,16307.0,12770.0,18176.0,21885.0,15212.142857142857,3262.835751743016,15309.964285714286,2763.106350175345,1
2015-07-31,STORE_587,SKU_TOTAL,12025.0,0,17,4,0,7,212,11542.0,10864.0,11017.0,14861.0,11897.285714285714,1761.32210893489,10949.357142857143,2204.2343965950577,0
2015-07-31,STORE_588,SKU_TOTAL,8256.0,1,14,4,0,7,212,7724.0,5964.0,7285.0,9379.0,6511.571428571428,1125.849880034735,6567.535714285715,1292.3830266484072,1
2015-07-31,STORE_589,SKU_TOTAL,8001.0,1,16,4,0,7,212,6148.0,4669.0,5958.0,7484.0,5576.0,1762.9225734538277,5439.857142857143,1487.8994817285904,1
2015-07-31,STORE_59,SKU_TOTAL,7148.0,1,13,4,0,7,212,5556.0,4534.0,6437.0,9924.0,5251.714285714285,1590.0994428299819,5524.142857142857,1945.9085227315534,1
2015-07-31,STORE_590,SKU_TOTAL,7250.0,1,15,4,0,7,212,5654.0,4746.0,4901.0,7433.0,5696.571428571428,740.9750011802187,5427.785714285715,972.1800380888403,1
2015-07-31,STORE_591,SKU_TOTAL,8600.0,1,15,4,0,7,212,6750.0,4895.0,6170.0,7216.0,6380.714285714285,1363.8362211381598,5978.75,1096.8797369860342,1
2015-07-31,STORE_592,SKU_TOTAL,5226.0,1,13,4,0,7,212,5259.0,4556.0,3996.0,6316.0,4164.571428571428,1272.206725486734,4326.178571428572,1213.4626626319348,1
2015-07-31,STORE_593,SKU_TOTAL,11333.0,1,14,4,0,7,212,12571.0,9588.0,11302.0,14017.0,9759.0,2375.0315085616294,10192.607142857143,2189.7866011250476,1
2015-07-31,STORE_594,SKU_TOTAL,5288.0,1,14,4,0,7,212,4451.0,3944.0,5693.0,6172.0,4148.142857142857,1024.8397319499927,4459.5,1098.737069617596,1
2015-07-31,STORE_595,SKU_TOTAL,18690.0,1,14,4,0,7,212,14978.0,10228.0,17076.0,18854.0,13565.57142857143,2776.5603335257542,14679.75,2737.0237096225956,1
2015-07-31,STORE_596,SKU_TOTAL,6268.0,1,14,4,0,7,212,5136.0,4207.0,5570.0,6748.0,5291.714285714285,898.9975369382591,5168.857142857143,799.7407317990395,1
2015-07-31,STORE_597,SKU_TOTAL,6990.0,1,16,4,0,7,212,6221.0,5130.0,5538.0,7137.0,5723.0,992.5519297880439,5343.392857142857,892.403593271328,1
2015-07-31,STORE_598,SKU_TOTAL,6675.0,0,17,4,0,7,212,7030.0,5118.0,5759.0,8249.0,6112.0,780.93128164993,5806.857142857143,978.8268758636633,0
2015-07-31,STORE_599,SKU_TOTAL,11417.0,1,14,4,0,7,212,10234.0,7508.0,10630.0,13163.0,9808.857142857143,1721.7352127579998,9980.107142857143,1797.774248162394,1
2015-07-31,STORE_6,SKU_TOTAL,5651.0,1,15,4,0,7,212,4790.0,3482.0,4582.0,6995.0,4400.714285714285,1027.3570807759559,4621.714285714285,1210.3646789658965,1
2015-07-31,STORE_60,SKU_TOTAL,9762.0,1,15,4,0,7,212,10213.0,8113.0,11127.0,14510.0,9716.857142857143,3077.820139240991,9233.892857142857,2816.7335079420636,1
2015-07-31,STORE_600,SKU_TOTAL,12377.0,1,14,4,0,7,212,9309.0,5962.0,7957.0,11269.0,7761.714285714285,1776.8066593625115,7763.535714285715,1730.9064523618,1
2015-07-31,STORE_601,SKU_TOTAL,6153.0,1,16,4,0,7,212,5249.0,3808.0,5077.0,8048.0,5196.857142857143,1063.3430660810247,5023.071428571428,1173.3813414615893,1
2015-07-31,STORE_602,SKU_TOTAL,7701.0,1,16,4,0,7,212,7007.0,6062.0,8008.0,8942.0,6625.857142857143,1283.4330820822543,6615.678571428572,1359.0840067135175,1
2015-07-31,STORE_603,SKU_TOTAL,9432.0,1,15,4,0,7,212,8713.0,6224.0,8551.0,12246.0,7714.857142857143,1604.3953615563396,7352.285714285715,2147.4062365971145,1
2015-07-31,STORE_604,SKU_TOTAL,8422.0,0,17,4,0,7,212,7673.0,6394.0,7753.0,10066.0,7636.285714285715,1628.3821945174764,7273.0,1575.8950660694009,0
2015-07-31,STORE_605,SKU_TOTAL,9969.0,1,15,4,0,7,212,9623.0,6591.0,6905.0,11600.0,8185.571428571428,1720.272057662426,7752.357142857143,2019.1431481974025,1
2015-07-31,STORE_606,SKU_TOTAL,7187.0,1,14,4,0,7,212,5739.0,4411.0,7238.0,7710.0,5746.428571428572,1373.3233240476477,5831.785714285715,1329.7662105070347,1
2015-07-31,STORE_607,SKU_TOTAL,5555.0,1,13,4,0,7,212,4331.0,3082.0,5309.0,7303.0,3872.4285714285716,1646.2399437423016,3865.785714285714,1732.2304045960013,1
2015-07-31,STORE_608,SKU_TOTAL,12554.0,1,14,4,0,7,212,13085.0,8956.0,11857.0,18183.0,10425.714285714286,3712.375327391133,9907.107142857143,3940.2192112294433,1
2015-07-31,STORE_609,SKU_TOTAL,5896.0,1,14,4,0,7,212,4995.0,4117.0,5808.0,7305.0,4562.571428571428,1181.947666229848,4921.392857142857,1152.220508066644,1
2015-07-31,STORE_61,SKU_TOTAL,5572.0,1,15,4,0,7,212,5868.0,3928.0,5926.0,9380.0,5770.0,1378.6021906236326,5634.0,1516.903742155648,1
2015-07-31,STORE_610,SKU_TOTAL,4209.0,1,13,4,0,7,212,4228.0,3349.0,4961.0,7067.0,4034.285714285714,1307.941348616334,4129.214285714285,1157.323136065729,1
2015-07-31,STORE_611,SKU_TOTAL,6686.0,0,17,4,0,7,212,6291.0,5339.0,6597.0,8631.0,6594.857142857143,872.3152007825931,6105.178571428572,1036.9887335938854,0
2015-07-31,STORE_612,SKU_TOTAL,8161.0,0,17,4,0,7,212,7850.0,6399.0,6953.0,11895.0,7571.428571428572,1539.9496590388294,6627.5,2211.806543345926,0
2015-07-31,STORE_613,SKU_TOTAL,6778.0,1,13,4,0,7,212,6872.0,5128.0,6622.0,9278.0,6452.285714285715,1186.9140258478685,6228.321428571428,1224.9461984741085,1
2015-07-31,STORE_614,SKU_TOTAL,7698.0,1,15,4,0,7,212,7054.0,5790.0,6777.0,9220.0,6665.857142857143,913.9521191961062,6867.035714285715,1232.405851927451,1
2015-07-31,STORE_615,SKU_TOTAL,10520.0,1,16,4,0,7,212,10078.0,8212.0,10839.0,14440.0,9890.57142857143,2026.0414488293184,9518.57142857143,1983.1133664873523,1
2015-07-31,STORE_616,SKU_TOTAL,11786.0,1,13,4,0,7,212,8137.0,6564.0,9247.0,12494.0,7379.142857142857,1718.9651371827226,8207.82142857143,1912.5108385769634,1
2015-07-31,STORE_617,SKU_TOTAL,8259.0,1,15,4,0,7,212,7335.0,5061.0,7663.0,10586.0,6653.571428571428,2120.307435029131,6819.178571428572,2043.4217137603107,1
2015-07-31,STORE_618,SKU_TOTAL,9397.0,1,16,4,0,7,212,8189.0,7250.0,8230.0,11057.0,8116.285714285715,1154.147407434638,7804.0,1367.500206514527,1
2015-07-31,STORE_619,SKU_TOTAL,7384.0,0,17,4,0,7,212,7351.0,3666.0,5242.0,7051.0,4960.0,1761.501253663504,4534.464285714285,1390.5380648479997,0
2015-07-31,STORE_62,SKU_TOTAL,7495.0,1,13,4,0,7,212,7181.0,5643.0,7668.0,10933.0,6327.285714285715,1823.692290771816,6600.214285714285,1794.4108980114106,1
2015-07-31,STORE_620,SKU_TOTAL,12074.0,0,17,4,0,7,212,9976.0,8528.0,8934.0,12226.0,9411.0,861.7118621247661,8950.392857142857,1219.8941769319492,0
2015-07-31,STORE_621,SKU_TOTAL,7296.0,1,13,4,0,7,212,5837.0,4417.0,6925.0,8981.0,5631.142857142857,1125.0667281760764,6059.607142857143,1328.2499022822346,1
2015-07-31,STORE_622,SKU_TOTAL,6306.0,1,14,4,0,7,212,5412.0,3970.0,4718.0,6078.0,4559.142857142857,1030.0796779125426,4642.964285714285,1127.0036801077465,1
2015-07-31,STORE_623,SKU_TOTAL,9636.0,1,13,4,0,7,212,7454.0,5865.0,7626.0,12482.0,6805.857142857143,1488.7472841898539,6669.714285714285,2045.9200385732101,1
2015-07-31,STORE_624,SKU_TOTAL,8847.0,1,13,4,0,7,212,8159.0,6187.0,6908.0,10071.0,6737.285714285715,2086.136997280083,6872.892857142857,1816.0359422801578,1
2015-07-31,STORE_625,SKU_TOTAL,6887.0,1,13,4,0,7,212,6807.0,5326.0,6779.0,10122.0,6267.285714285715,1925.8555427187598,6281.071428571428,1764.3538094957173,1
2015-07-31,STORE_626,SKU_TOTAL,12025.0,1,15,4,0,7,212,12281.0,7437.0,9967.0,13544.0,10453.857142857143,3250.4237379431697,9781.82142857143,2719.4472348677104,1
2015-07-31,STORE_627,SKU_TOTAL,8837.0,1,16,4,0,7,212,7760.0,6351.0,7901.0,9991.0,7607.714285714285,1490.8270315793047,7125.357142857143,1369.2919017404556,1
2015-07-31,STORE_628,SKU_TOTAL,11777.0,1,13,4,0,7,212,7670.0,4930.0,6788.0,8930.0,5589.142857142857,1594.1810257459185,6318.714285714285,2026.5258514161296,1
2015-07-31,STORE_629,SKU_TOTAL,6769.0,0,17,4,0,7,212,7252.0,5032.0,6194.0,7396.0,6581.285714285715,1058.589740214311,6260.75,1169.0076394592122,0
2015-07-31,STORE_63,SKU_TOTAL,11525.0,1,14,4,0,7,212,9316.0,6228.0,7749.0,10984.0,7952.714285714285,1813.3123204294177,7777.535714285715,1745.7738278307984,1
2015-07-31,STORE_630,SKU_TOTAL,7544.0,1,13,4,0,7,212,7768.0,5620.0,6763.0,9576.0,6254.0,2039.5151384560995,6188.964285714285,1986.455478748664,1
2015-07-31,STORE_631,SKU_TOTAL,7428.0,1,14,4,0,7,212,5650.0,4828.0,6275.0,8874.0,5262.285714285715,985.7852562397089,5804.678571428572,1400.7487958790186,1
2015-07-31,STORE_632,SKU_TOTAL,9461.0,1,13,4,0,7,212,7772.0,5847.0,8246.0,10819.0,7417.428571428572,960.0741042787213,7759.428571428572,1278.7747152994434,1
2015-07-31,STORE_633,SKU_TOTAL,6929.0,0,17,4,0,7,212,6617.0,7412.0,6441.0,9280.0,7432.428571428572,768.5338546261855,7186.857142857143,1221.8909666554364,0
2015-07-31,STORE_634,SKU_TOTAL,7968.0,1,15,4,0,7,212,8270.0,5108.0,8023.0,11789.0,7120.0,2569.7059494539026,7042.964285714285,2317.722405040796,1
2015-07-31,STORE_635,SKU_TOTAL,8541.0,1,14,4,0,7,212,7676.0,4906.0,7271.0,10171.0,6377.285714285715,2443.3440687072557,6255.0,2384.7204976380126,1
2015-07-31,STORE_636,SKU_TOTAL,10764.0,0,17,4,0,7,212,9084.0,5340.0,6208.0,15965.0,8343.285714285714,2914.4683742931106,6858.607142857143,3386.7901151967353,0
2015-07-31,STORE_637,SKU_TOTAL,12730.0,0,17,4,0,7,212,11803.0,9009.0,9803.0,11417.0,10312.0,2135.6554809536365,9553.857142857143,1730.1193860392211,0
2015-07-31,STORE_638,SKU_TOTAL,8103.0,0,17,4,0,7,212,7197.0,5863.0,5950.0,7895.0,6666.142857142857,756.5505994417041,6330.785714285715,941.7955804456054,0
2015-07-31,STORE_639,SKU_TOTAL,5620.0,1,13,4,0,7,212,4862.0,3632.0,4791.0,6945.0,4303.714285714285,1410.7684329537883,4397.357142857143,1271.326522569164,1
2015-07-31,STORE_64,SKU_TOTAL,13251.0,1,13,4,0,7,212,13029.0,8478.0,11925.0,17537.0,11449.0,2389.5730441500227,11544.892857142857,2666.7216708118517,1
2015-07-31,STORE_640,SKU_TOTAL,15013.0,1,13,4,0,7,212,10850.0,9945.0,12830.0,17797.0,11626.142857142857,2343.41911378489,12099.75,2604.1916585468466,1
2015-07-31,STORE_641,SKU_TOTAL,6889.0,1,13,4,0,7,212,6726.0,3970.0,6222.0,8013.0,5165.428571428572,1709.3589302343107,5229.464285714285,1605.6507964567509,1
2015-07-31,STORE_642,SKU_TOTAL,3671.0,1,13,4,0,7,212,3287.0,2879.0,4024.0,4109.0,3221.8571428571427,514.9150184059297,3244.3571428571427,581.7625972688603,1
2015-07-31,STORE_643,SKU_TOTAL,13143.0,1,14,4,0,7,212,8543.0,6144.0,8642.0,11748.0,7444.857142857143,1730.215345802241,8046.75,1997.8435156351136,1
2015-07-31,STORE_644,SKU_TOTAL,11956.0,0,17,4,0,7,212,10081.0,8335.0,8441.0,11799.0,9959.142857142857,1280.2267284292125,9166.0,1664.5258695413024,0
2015-07-31,STORE_645,SKU_TOTAL,18933.0,1,15,4,0,7,212,15681.0,8472.0,12549.0,15967.0,12472.57142857143,3851.958586534482,11006.857142857143,3100.6246528879255,1
2015-07-31,STORE_646,SKU_TOTAL,6016.0,0,17,4,0,7,212,5992.0,4818.0,5491.0,6833.0,5362.571428571428,846.2524952432306,5212.928571428572,906.8204497283899,0
2015-07-31,STORE_647,SKU_TOTAL,10460.0,1,14,4,0,7,212,6260.0,4086.0,6555.0,9267.0,5774.571428571428,1516.66463631186,6146.75,1636.7926094344436,1
2015-07-31,STORE_648,SKU_TOTAL,7947.0,1,14,4,0,7,212,6861.0,5099.0,7666.0,8970.0,6274.142857142857,1197.7128799711704,6600.571428571428,1368.085508173631,1
2015-07-31,STORE_649,SKU_TOTAL,5012.0,1,14,4,0,7,212,3538.0,2944.0,4478.0,5802.0,3624.714285714286,1478.5370826433928,3692.6785714285716,1401.6937123463379,1
2015-07-31,STORE_65,SKU_TOTAL,7156.0,1,14,4,0,7,212,6652.0,4805.0,5523.0,8478.0,5457.0,1588.6963208842076,5343.75,1618.402244214107,1
2015-07-31,STORE_650,SKU_TOTAL,7509.0,0,17,4,0,7,212,7171.0,5557.0,6430.0,8847.0,6793.857142857143,1164.2461693512714,6509.5,1121.1610549398767,0
2015-07-31,STORE_651,SKU_TOTAL,8687.0,1,13,4,0,7,212,7241.0,5872.0,7752.0,10891.0,7060.714285714285,1352.0831722767782,7272.142857142857,1326.3767051722907,1
2015-07-31,STORE_652,SKU_TOTAL,10050.0,1,13,4,0,7,212,8503.0,5949.0,7747.0,10786.0,7446.142857142857,2299.4396729456084,7151.464285714285,2024.540962734749,1
2015-07-31,STORE_653,SKU_TOTAL,7979.0,1,13,4,0,7,212,7396.0,5052.0,6504.0,8771.0,6050.714285714285,1513.393175864543,5918.464285714285,1342.6182128017156,1
2015-07-31,STORE_654,SKU_TOTAL,8466.0,1,15,4,0,7,212,8114.0,5954.0,7813.0,11775.0,6953.857142857143,2445.673624215329,6996.071428571428,2362.8790337308815,1
2015-07-31,STORE_655,SKU_TOTAL,11906.0,1,13,4,0,7,212,9988.0,6334.0,9683.0,14254.0,8925.142857142857,2502.7997275419366,8683.142857142857,2351.0899397437074,1
2015-07-31,STORE_656,SKU_TOTAL,4576.0,1,16,4,0,7,212,3944.0,2682.0,4090.0,4833.0,3234.0,693.1983842955445,3348.25,892.4836599831647,1
2015-07-31,STORE_657,SKU_TOTAL,9654.0,1,13,4,0,7,212,6264.0,3888.0,6923.0,10353.0,5185.714285714285,1629.6906367221202,5731.928571428572,1970.4214049868904,1
2015-07-31,STORE_658,SKU_TOTAL,7323.0,1,13,4,0,7,212,5765.0,4787.0,6958.0,9207.0,5503.571428571428,1427.3973818476964,5958.071428571428,1667.471870574253,1
2015-07-31,STORE_659,SKU_TOTAL,6615.0,1,16,4,0,7,212,5801.0,5049.0,6430.0,9124.0,5478.857142857143,1212.6317699595056,5596.25,1470.2424497728787,1
2015-07-31,STORE_66,SKU_TOTAL,8306.0,1,15,4,0,7,212,6937.0,6430.0,6642.0,8526.0,6833.0,1040.6007880028628,6529.464285714285,1121.9025006221696,1
2015-07-31,STORE_660,SKU_TOTAL,6992.0,0,17,4,0,7,212,7027.0,5292.0,5979.0,9529.0,6010.857142857143,2021.74565071429,5635.464285714285,1859.373081965946,0
2015-07-31,STORE_661,SKU_TOTAL,7541.0,1,16,4,0,7,212,6335.0,6760.0,8166.0,9047.0,6939.857142857143,850.8069558852404,7434.178571428572,1202.426560585084,1
2015-07-31,STORE_662,SKU_TOTAL,10711.0,1,13,4,0,7,212,8656.0,5182.0,9012.0,14258.0,7673.142857142857,2329.590409531928,8080.964285714285,2599.6810984223666,1
2015-07-31,STORE_663,SKU_TOTAL,8088.0,1,15,4,0,7,212,7084.0,4929.0,6350.0,8421.0,6859.142857142857,1268.4135009987788,6328.928571428572,1162.6878160860565,1
2015-07-31,STORE_664,SKU_TOTAL,8330.0,1,14,4,0,7,212,6431.0,3860.0,6076.0,8276.0,5384.714285714285,1365.6614654029272,5373.964285714285,1455.6404593266466,1
2015-07-31,STORE_665,SKU_TOTAL,9455.0,1,16,4,0,7,212,9400.0,7187.0,9646.0,13380.0,8504.42857142857,2284.877593885708,8272.67857142857,2380.195090877496,1
2015-07-31,STORE_666,SKU_TOTAL,9706.0,1,15,4,0,7,212,10116.0,5101.0,7342.0,12106.0,8965.142857142857,2921.6232604810716,7711.214285714285,2346.924502205008,1
2015-07-31,STORE_667,SKU_TOTAL,11985.0,1,14,4,0,7,212,9417.0,6541.0,9842.0,13054.0,8904.285714285714,2485.7804082599064,8971.714285714286,2132.26973238434,1
2015-07-31,STORE_668,SKU_TOTAL,11554.0,1,14,4,0,7,212,9491.0,7619.0,10587.0,13823.0,8852.42857142857,2064.630706052403,9201.32142857143,2017.9068189330007,1
2015-07-31,STORE_669,SKU_TOTAL,6266.0,0,17,4,0,7,212,5274.0,4864.0,5509.0,6813.0,5511.0,466.69226119382506,5176.035714285715,818.3769158879594,0
2015-07-31,STORE_67,SKU_TOTAL,11035.0,1,15,4,0,7,212,10875.0,7654.0,9762.0,12714.0,9596.42857142857,2707.2267394959013,8632.714285714286,2306.1152497166768,1
2015-07-31,STORE_670,SKU_TOTAL,9980.0,0,17,4,0,7,212,8683.0,5195.0,7391.0,10520.0,7302.142857142857,1940.2137707436145,6909.107142857143,1620.6279153309079,0
2015-07-31,STORE_671,SKU_TOTAL,9063.0,0,17,4,0,7,212,8045.0,5790.0,7563.0,10654.0,7701.428571428572,1876.193385299192,7322.607142857143,1794.2096854897572,0
2015-07-31,STORE_672,SKU_TOTAL,10145.0,1,15,4,0,7,212,8862.0,7000.0,9520.0,11540.0,8591.0,1290.1144652032137,8573.92857142857,1466.4285899852332,1
2015-07-31,STORE_673,SKU_TOTAL,11620.0,1,15,4,0,7,212,10882.0,7175.0,8266.0,10448.0,9334.714285714286,2093.707693245545,8464.464285714286,1739.5499520613373,1
2015-07-31,STORE_674,SKU_TOTAL,12593.0,1,13,4,0,7,212,9294.0,6425.0,8813.0,12168.0,7904.428571428572,2011.4131729641674,7990.678571428572,1962.747885804485,1
2015-07-31,STORE_675,SKU_TOTAL,4350.0,1,13,4,0,7,212,5929.0,4174.0,4276.0,7208.0,3884.714285714286,1522.4321237477602,3777.25,1484.1073043228362,1
2015-07-31,STORE_676,SKU_TOTAL,9974.0,1,16,4,0,7,212,9128.0,8684.0,9764.0,9860.0,9068.0,2416.540157606908,9304.92857142857,2134.506811430785,1
2015-07-31,STORE_677,SKU_TOTAL,10087.0,0,17,4,0,7,212,7761.0,6537.0,7242.0,12334.0,7587.285714285715,1484.1157540506088,7319.178571428572,1865.8389842325207,0
2015-07-31,STORE_678,SKU_TOTAL,11960.0,1,13,4,0,7,212,8617.0,6280.0,8081.0,13890.0,7259.428571428572,1531.090010103965,7577.714285714285,2329.5064627063794,1
2015-07-31,STORE_679,SKU_TOTAL,11868.0,1,14,4,0,7,212,9558.0,7719.0,12617.0,14795.0,9533.42857142857,2057.0413913453554,10045.0,2134.073760397431,1
2015-07-31,STORE_68,SKU_TOTAL,11187.0,1,14,4,0,7,212,7780.0,7984.0,8884.0,9327.0,8071.142857142857,918.5140950742101,8545.25,1070.9692261385053,1
2015-07-31,STORE_680,SKU_TOTAL,7144.0,1,14,4,0,7,212,6866.0,4172.0,6005.0,6260.0,5660.571428571428,1124.7202403438225,5460.857142857143,802.7508129723849,1
2015-07-31,STORE_681,SKU_TOTAL,4833.0,1,16,4,0,7,212,4860.0,4183.0,4804.0,5241.0,4716.0,322.373489383923,4252.5,773.5525311972805,1
2015-07-31,STORE_682,SKU_TOTAL,13979.0,1,14,4,0,7,212,13026.0,9122.0,11827.0,14335.0,10922.57142857143,3280.98531222589,10970.07142857143,2758.0314225990846,1
2015-07-31,STORE_683,SKU_TOTAL,10439.0,1,14,4,0,7,212,8879.0,6750.0,9673.0,12470.0,7649.0,2032.41047363118,8182.678571428572,2308.6720738794684,1
2015-07-31,STORE_684,SKU_TOTAL,10159.0,0,17,4,0,7,212,10163.0,7765.0,8648.0,14446.0,10177.42857142857,2083.8905807107576,9379.464285714286,2345.7803484391766,0
2015-07-31,STORE_685,SKU_TOTAL,7633.0,1,13,4,0,7,212,7205.0,5165.0,6270.0,11747.0,6468.285714285715,2049.6849119040126,5690.785714285715,2157.0747228111168,1
2015-07-31,STORE_686,SKU_TOTAL,7542.0,1,15,4,0,7,212,8244.0,5747.0,6971.0,11614.0,6544.857142857143,2467.499032660858,6438.892857142857,2330.6293751675094,1
2015-07-31,STORE_687,SKU_TOTAL,10471.0,1,13,4,0,7,212,9416.0,6626.0,10470.0,13327.0,9237.42857142857,1740.2039973446697,9080.607142857143,1782.002542694888,1
2015-07-31,STORE_688,SKU_TOTAL,5107.0,1,14,4,0,7,212,4188.0,3223.0,4257.0,5791.0,3703.8571428571427,1385.0031803261254,3733.0,1351.9895079594178,1
2015-07-31,STORE_689,SKU_TOTAL,7729.0,1,16,4,0,7,212,7416.0,6121.0,7803.0,8683.0,6949.857142857143,1739.0979873243762,6826.785714285715,1536.0694032635372,1
2015-07-31,STORE_69,SKU_TOTAL,11204.0,1,16,4,0,7,212,10252.0,8173.0,9854.0,12758.0,9502.42857142857,1563.0707871711127,9552.035714285714,1875.8305909880228,1
2015-07-31,STORE_690,SKU_TOTAL,7070.0,1,13,4,0,7,212,5565.0,4778.0,6023.0,8682.0,5416.857142857143,1106.955348172562,5509.678571428572,1231.452651789893,1
2015-07-31,STORE_691,SKU_TOTAL,9780.0,1,13,4,0,7,212,9221.0,6848.0,8854.0,13376.0,8051.428571428572,1657.5134848240089,8083.357142857143,2201.4285297121846,1
2015-07-31,STORE_692,SKU_TOTAL,7496.0,1,13,4,0,7,212,7397.0,5131.0,7085.0,11754.0,6186.428571428572,2049.341589967879,6634.714285714285,2306.0293894432316,1
2015-07-31,STORE_693,SKU_TOTAL,8040.0,1,16,4,0,7,212,7916.0,4932.0,7688.0,14687.0,7428.857142857143,3089.318502439629,6899.321428571428,3103.4569620153725,1
2015-07-31,STORE_694,SKU_TOTAL,10257.0,0,17,4,0,7,212,9412.0,6752.0,8850.0,12510.0,8959.142857142857,1708.9508895373012,8616.32142857143,1638.1922523996388,0
2015-07-31,STORE_695,SKU_TOTAL,6695.0,1,13,4,0,7,212,7159.0,5484.0,7701.0,11897.0,6134.285714285715,2433.28644116405,5771.892857142857,2577.671017990191,1
2015-07-31,STORE_696,SKU_TOTAL,14308.0,1,13,4,0,7,212,9783.0,8635.0,11109.0,12519.0,9110.857142857143,1955.9463547987193,9244.535714285714,1701.381932477462,1
2015-07-31,STORE_697,SKU_TOTAL,14464.0,1,13,4,0,7,212,11477.0,8209.0,12917.0,18358.0,10251.714285714286,2041.1262997234542,10933.67857142857,3013.6281327477395,1
2015-07-31,STORE_698,SKU_TOTAL,18308.0,1,14,4,0,7,212,15796.0,13781.0,18387.0,21469.0,15367.42857142857,1826.3370314320068,17269.321428571428,2801.6812816538913,1
2015-07-31,STORE_699,SKU_TOTAL,11449.0,1,16,4,0,7,212,9581.0,7142.0,8715.0,12210.0,8506.714285714286,1404.0201463727892,8007.321428571428,1778.22808297525,1
2015-07-31,STORE_7,SKU_TOTAL,15344.0,1,14,4,0,7,212,11560.0,9550.0,10095.0,13689.0,10881.714285714286,2678.943990597112,10397.92857142857,2311.389287670005,1
2015-07-31,STORE_70,SKU_TOTAL,8613.0,1,13,4,0,7,212,8034.0,5585.0,6968.0,10331.0,7376.571428571428,1598.1763416590757,6984.928571428572,1492.4799131002662,1
2015-07-31,STORE_700,SKU_TOTAL,5849.0,1,16,4,0,7,212,5518.0,4439.0,5385.0,8397.0,4847.428571428572,1249.6381952534807,4842.785714285715,1442.4595855993132,1
2015-07-31,STORE_701,SKU_TOTAL,8547.0,0,17,4,0,7,212,7622.0,5506.0,5394.0,11297.0,7266.714285714285,1757.2586334267526,5910.571428571428,2115.2280400416066,0
2015-07-31,STORE_702,SKU_TOTAL,6268.0,0,17,4,0,7,212,6064.0,4252.0,4826.0,5144.0,4900.0,1225.5279134542336,4321.75,964.7972968851116,0
2015-07-31,STORE_703,SKU_TOTAL,3648.0,1,13,4,0,7,212,2897.0,2658.0,3792.0,5060.0,3182.0,882.402591406334,3170.714285714286,863.6623936247399,1
2015-07-31,STORE_704,SKU_TOTAL,12620.0,1,14,4,0,7,212,10659.0,9090.0,13848.0,15626.0,10226.714285714286,1964.9227053726026,11213.75,2188.649315005939,1
2015-07-31,STORE_705,SKU_TOTAL,12450.0,1,13,4,0,7,212,9108.0,5909.0,9413.0,14664.0,7398.571428571428,2364.711318330127,8155.428571428572,2536.597581605619,1
2015-07-31,STORE_706,SKU_TOTAL,7797.0,0,17,4,0,7,212,7122.0,4749.0,5984.0,7382.0,6308.142857142857,1045.1040504086175,5972.892857142857,1129.1732911431004,0
2015-07-31,STORE_707,SKU_TOTAL,13989.0,1,13,4,0,7,212,10094.0,7258.0,9505.0,14243.0,8106.714285714285,2387.565336925201,8664.392857142857,2328.6927558311,1
2015-07-31,STORE_708,SKU_TOTAL,7224.0,1,15,4,0,7,212,6591.0,5477.0,6179.0,9681.0,6152.0,932.036479967256,6018.642857142857,1262.8554128058531,1
2015-07-31,STORE_709,SKU_TOTAL,10489.0,1,14,4,0,7,212,10132.0,9323.0,11937.0,15501.0,9840.285714285714,2653.939192613199,10718.142857142857,2768.274281453399,1
2015-07-31,STORE_71,SKU_TOTAL,11545.0,1,13,4,0,7,212,10090.0,6867.0,9977.0,15224.0,8904.57142857143,2800.918888336452,9022.214285714286,2609.084632404551,1
2015-07-31,STORE_710,SKU_TOTAL,6278.0,0,17,4,0,7,212,5737.0,4211.0,4656.0,8599.0,5721.857142857143,1283.6617452350342,4753.071428571428,1620.4512615340827,0
2015-07-31,STORE_711,SKU_TOTAL,7799.0,0,17,4,0,7,212,7164.0,5090.0,5466.0,9594.0,6326.571428571428,1347.7295546106109,5837.607142857143,1445.199853904961,0
2015-07-31,STORE_712,SKU_TOTAL,7421.0,0,17,4,0,7,212,7601.0,6219.0,6310.0,9247.0,6820.0,1228.2364050365375,6261.214285714285,1487.3033603526676,0
2015-07-31,STORE_713,SKU_TOTAL,12233.0,1,13,4,0,7,212,9881.0,6358.0,12115.0,16439.0,8095.714285714285,2047.530277697201,9211.82142857143,2754.1805940625627,1
2015-07-31,STORE_714,SKU_TOTAL,7645.0,1,15,4,0,7,212,6247.0,5229.0,6128.0,8948.0,5782.571428571428,701.5171314398906,5466.785714285715,1234.6196102496192,1
2015-07-31,STORE_715,SKU_TOTAL,9547.0,1,14,4,0,7,212,7856.0,5241.0,8822.0,10924.0,6606.428571428572,2383.2832995060558,6573.107142857143,2409.2811182209452,1
2015-07-31,STORE_716,SKU_TOTAL,7561.0,0,17,4,0,7,212,6693.0,4700.0,5403.0,8928.0,6359.142857142857,954.6932192317563,5683.964285714285,1191.9301334910592,0
2015-07-31,STORE_717,SKU_TOTAL,7599.0,1,13,4,0,7,212,5646.0,3908.0,6514.0,10796.0,5450.428571428572,1830.414603044008,5453.964285714285,2145.4243382772024,1
2015-07-31,STORE_718,SKU_TOTAL,8763.0,1,16,4,0,7,212,9103.0,7054.0,8865.0,9605.0,7887.285714285715,1576.8028532719352,7583.0,1484.6380030168916,1
2015-07-31,STORE_719,SKU_TOTAL,6972.0,0,17,4,0,7,212,6761.0,4772.0,4841.0,7081.0,6241.714285714285,965.4713381305779,5443.964285714285,1152.912141529793,0
2015-07-31,STORE_72,SKU_TOTAL,5251.0,0,17,4,0,7,212,5434.0,3535.0,5727.0,9503.0,4920.142857142857,2049.9770265815914,4713.857142857143,2060.4874237137797,0
2015-07-31,STORE_720,SKU_TOTAL,11260.0,1,14,4,0,7,212,8264.0,6479.0,8632.0,10144.0,7523.714285714285,1417.191790626637,7540.857142857143,1553.462982532002,1
2015-07-31,STORE_721,SKU_TOTAL,9969.0,1,14,4,0,7,212,8629.0,6465.0,8305.0,9084.0,7355.428571428572,1017.7294756982802,7851.571428571428,1082.2054788322966,1
2015-07-31,STORE_722,SKU_TOTAL,9349.0,1,13,4,0,7,212,8521.0,7357.0,8538.0,10746.0,7756.857142857143,1293.304350432714,7773.821428571428,1302.1582384810808,1
2015-07-31,STORE_723,SKU_TOTAL,12047.0,1,16,4,0,7,212,10117.0,6710.0,8824.0,11727.0,9111.142857142857,1805.722240411323,8383.75,1677.4199020458768,1
2015-07-31,STORE_724,SKU_TOTAL,8328.0,1,13,4,0,7,212,7807.0,5338.0,6984.0,9361.0,5985.0,1264.8898502725938,6780.25,1198.3586807711586,1
2015-07-31,STORE_725,SKU_TOTAL,7294.0,1,14,4,0,7,212,6783.0,4625.0,6633.0,8247.0,5847.571428571428,1214.686634089936,6070.464285714285,1102.3270497474807,1
2015-07-31,STORE_726,SKU_TOTAL,13962.0,1,15,4,0,7,212,12562.0,9749.0,12973.0,17934.0,11432.857142857143,3990.727896368242,11378.107142857143,3437.296249469292,1
2015-07-31,STORE_727,SKU_TOTAL,6345.0,1,16,4,0,7,212,5357.0,4431.0,5513.0,6998.0,5044.571428571428,1185.174088071671,4886.142857142857,1100.986383146723,1
2015-07-31,STORE_728,SKU_TOTAL,6996.0,1,15,4,0,7,212,6323.0,5036.0,5810.0,7341.0,5900.142857142857,685.7835976798975,5625.178571428572,876.3116329502013,1
2015-07-31,STORE_729,SKU_TOTAL,14730.0,1,13,4,0,7,212,11337.0,8695.0,11754.0,18111.0,10358.142857142857,2790.930217003624,10850.785714285714,2789.031869161326,1
2015-07-31,STORE_73,SKU_TOTAL,6026.0,1,14,4,0,7,212,4998.0,3855.0,5147.0,7077.0,4496.714285714285,1123.2633579963087,4763.571428571428,1276.4750778373054,1
2015-07-31,STORE_730,SKU_TOTAL,8831.0,1,14,4,0,7,212,6771.0,5580.0,8192.0,10191.0,6992.142857142857,1374.57671406427,7349.75,1501.3671208211993,1
2015-07-31,STORE_731,SKU_TOTAL,10773.0,1,13,4,0,7,212,9700.0,6957.0,11489.0,15575.0,8495.142857142857,2253.8569481777254,9181.892857142857,2600.736510203294,1
2015-07-31,STORE_732,SKU_TOTAL,10919.0,1,14,4,0,7,212,10812.0,8174.0,8154.0,9078.0,9617.142857142857,2713.658135466482,8759.0,2188.2800450484833,1
2015-07-31,STORE_733,SKU_TOTAL,16625.0,1,13,4,0,7,212,14531.0,14042.0,15016.0,17175.0,14460.285714285714,1378.1325183351787,14335.0,1247.0403183372264,1
2015-07-31,STORE_734,SKU_TOTAL,6829.0,1,13,4,0,7,212,5725.0,3801.0,5695.0,9111.0,4926.285714285715,1644.6268790876236,5307.857142857143,1750.661308155952,1
2015-07-31,STORE_735,SKU_TOTAL,7530.0,1,14,4,0,7,212,6249.0,4386.0,6343.0,9428.0,5760.142857142857,1899.0846416576899,5595.392857142857,1779.7361714446483,1
2015-07-31,STORE_736,SKU_TOTAL,5942.0,0,17,4,0,7,212,7093.0,4521.0,5541.0,7695.0,5414.428571428572,1519.7349392916014,5012.142857142857,1442.279335822615,0
2015-07-31,STORE_737,SKU_TOTAL,10548.0,1,13,4,0,7,212,6719.0,5013.0,7885.0,10893.0,5778.857142857143,1944.023527681731,6284.357142857143,2113.5578957855523,1
2015-07-31,STORE_738,SKU_TOTAL,9504.0,1,13,4,0,7,212,9250.0,7089.0,8267.0,12725.0,8512.142857142857,1366.0122533061524,8717.142857142857,1535.7971440677807,1
2015-07-31,STORE_739,SKU_TOTAL,12150.0,0,17,4,0,7,212,10692.0,8602.0,12538.0,15895.0,10448.285714285714,1984.2160260639528,10796.07142857143,2574.210327367594,0
2015-07-31,STORE_74,SKU_TOTAL,7518.0,1,13,4,0,7,212,6349.0,4540.0,6649.0,10339.0,5732.857142857143,1650.3154676748445,5953.785714285715,1617.3726604443477,1
2015-07-31,STORE_740,SKU_TOTAL,10085.0,1,16,4,0,7,212,8162.0,6691.0,8956.0,10677.0,8571.285714285714,1684.71537796566,8083.785714285715,1512.3228725709705,1
2015-07-31,STORE_741,SKU_TOTAL,11253.0,1,13,4,0,7,212,9436.0,7869.0,9083.0,12054.0,8576.857142857143,1289.2173890320169,8599.464285714286,1675.9285647767679,1
2015-07-31,STORE_742,SKU_TOTAL,10460.0,1,13,4,0,7,212,9353.0,6247.0,8590.0,13232.0,8134.428571428572,1837.487946184322,8284.75,1987.9199742635371,1
2015-07-31,STORE_743,SKU_TOTAL,5085.0,1,15,4,0,7,212,4772.0,3147.0,4420.0,6937.0,4245.571428571428,1623.1474421740177,4015.25,1479.3054082040749,1
2015-07-31,STORE_744,SKU_TOTAL,8663.0,0,17,4,0,7,212,8435.0,6672.0,7957.0,11682.0,8237.142857142857,1202.874810408586,7929.678571428572,1455.2320434440521,0
2015-07-31,STORE_745,SKU_TOTAL,8363.0,1,15,4,0,7,212,9628.0,5905.0,9462.0,14881.0,8108.571428571428,3604.9337884403853,7930.857142857143,3140.9605361973054,1
2015-07-31,STORE_746,SKU_TOTAL,9082.0,1,16,4,0,7,212,7357.0,5357.0,7301.0,9385.0,7257.285714285715,1804.6505399715106,6919.678571428572,1520.2426476301396,1
2015-07-31,STORE_747,SKU_TOTAL,10708.0,1,14,4,0,7,212,9946.0,7610.0,7330.0,12372.0,8686.57142857143,1920.390920022895,8360.107142857143,1878.0855567484718,1
2015-07-31,STORE_748,SKU_TOTAL,7481.0,1,13,4,0,7,212,5734.0,4123.0,5902.0,9402.0,5703.714285714285,1363.8262003464752,5774.464285714285,1594.8151520000142,1
2015-07-31,STORE_749,SKU_TOTAL,6612.0,1,16,4,0,7,212,5243.0,4537.0,5574.0,8694.0,4759.428571428572,1563.446391481477,4857.321428571428,1626.0777634720434,1
2015-07-31,STORE_75,SKU_TOTAL,7444.0,1,14,4,0,7,212,7551.0,6630.0,6341.0,8981.0,6658.142857142857,829.6066193368943,6639.357142857143,935.5100891948407,1
2015-07-31,STORE_750,SKU_TOTAL,6395.0,0,17,4,0,7,212,5842.0,5391.0,5744.0,6361.0,5788.714285714285,1229.4932173128418,4986.571428571428,1183.4278656634096,0
2015-07-31,STORE_751,SKU_TOTAL,4844.0,1,13,4,0,7,212,4162.0,3638.0,4162.0,7016.0,3817.714285714286,931.8309421509498,4047.714285714286,1071.0848034052924,1
2015-07-31,STORE_752,SKU_TOTAL,7763.0,1,13,4,0,7,212,6459.0,3667.0,6279.0,9293.0,5375.571428571428,2309.31929776656,5237.321428571428,1890.6298784539335,1
2015-07-31,STORE_753,SKU_TOTAL,9303.0,1,13,4,0,7,212,8972.0,6410.0,8659.0,13121.0,7903.857142857143,2036.3951342626997,8111.321428571428,2121.576703226451,1
2015-07-31,STORE_754,SKU_TOTAL,8920.0,1,13,4,0,7,212,8588.0,6105.0,8358.0,10009.0,7426.857142857143,2295.274451893502,7347.678571428572,2012.154254700749,1
2015-07-31,STORE_755,SKU_TOTAL,12426.0,1,13,4,0,7,212,11456.0,8872.0,11673.0,14457.0,10960.0,2122.588906656444,11065.964285714286,1960.582481137958,1
2015-07-31,STORE_756,SKU_TOTAL,25280.0,1,13,4,0,7,212,18741.0,13879.0,19975.0,27268.0,16367.857142857143,3095.646643733049,17084.714285714286,3883.484335234389,1
2015-07-31,STORE_757,SKU_TOTAL,9343.0,1,15,4,0,7,212,7813.0,6384.0,8273.0,11113.0,7561.571428571428,1858.8760813205865,7161.0,1712.949157101634,1
2015-07-31,STORE_758,SKU_TOTAL,6230.0,1,15,4,0,7,212,5753.0,4967.0,6236.0,6366.0,5371.857142857143,1254.5307792877343,5119.035714285715,1167.5342958607068,1
2015-07-31,STORE_759,SKU_TOTAL,11253.0,1,13,4,0,7,212,9791.0,5576.0,8998.0,12149.0,7642.285714285715,2685.2568911409753,7351.678571428572,2255.3502980538383,1
2015-07-31,STORE_76,SKU_TOTAL,12887.0,0,17,4,0,7,212,10775.0,7994.0,10562.0,12719.0,9837.857142857143,1764.1552679729969,9455.035714285714,1632.5309703181586,0
2015-07-31,STORE_760,SKU_TOTAL,8350.0,1,14,4,0,7,212,7249.0,7777.0,8398.0,9478.0,8102.857142857143,754.6516698775533,8343.57142857143,832.1000397733231,1
2015-07-31,STORE_761,SKU_TOTAL,12761.0,1,14,4,0,7,212,9296.0,6662.0,11108.0,13320.0,8423.42857142857,1861.1757804426727,9277.464285714286,2426.8594014143214,1
2015-07-31,STORE_762,SKU_TOTAL,6647.0,1,15,4,0,7,212,5466.0,3792.0,4601.0,5302.0,5007.857142857143,1192.9687658025543,4449.892857142857,1010.647403044643,1
2015-07-31,STORE_763,SKU_TOTAL,8022.0,1,14,4,0,7,212,6933.0,5166.0,6458.0,9050.0,6552.142857142857,1588.069208036832,6400.714285714285,1278.1705924846235,1
2015-07-31,STORE_764,SKU_TOTAL,5873.0,1,16,4,0,7,212,5053.0,4048.0,4213.0,5941.0,4378.0,1283.4647118858704,4202.071428571428,1105.3077643664276,1
2015-07-31,STORE_765,SKU_TOTAL,11679.0,1,15,4,0,7,212,11083.0,8543.0,8265.0,14071.0,9600.857142857143,2526.7326351469515,9068.142857142857,2187.87237616639,1
2015-07-31,STORE_766,SKU_TOTAL,8537.0,0,17,4,0,7,212,7123.0,6311.0,7293.0,8822.0,7561.571428571428,1160.8086056879297,7001.714285714285,1103.1282742358646,0
2015-07-31,STORE_767,SKU_TOTAL,8554.0,1,14,4,0,7,212,6199.0,5737.0,7613.0,10480.0,6146.428571428572,1731.2292219802528,6409.107142857143,1737.6056608276606,1
2015-07-31,STORE_768,SKU_TOTAL,19274.0,1,14,4,0,7,212,14590.0,9718.0,15913.0,20939.0,13145.857142857143,3554.834521631787,13909.17857142857,3417.954131993718,1
2015-07-31,STORE_769,SKU_TOTAL,13738.0,1,13,4,0,7,212,11231.0,11966.0,14323.0,14553.0,11344.714285714286,992.3192890508236,11861.142857142857,1461.6159680626697,1
2015-07-31,STORE_77,SKU_TOTAL,10335.0,1,16,4,0,7,212,8141.0,6424.0,8405.0,12702.0,8313.42857142857,1450.2576618332896,8125.0,1909.9848554763032,1
2015-07-31,STORE_770,SKU_TOTAL,6490.0,1,13,4,0,7,212,6166.0,4187.0,6964.0,8530.0,5239.142857142857,1875.0875027174864,4960.035714285715,1585.7118855148842,1
2015-07-31,STORE_771,SKU_TOTAL,8556.0,0,17,4,0,7,212,8374.0,6079.0,7999.0,10735.0,7525.571428571428,1608.3619883924616,7220.571428571428,1548.81358246505,0
2015-07-31,STORE_772,SKU_TOTAL,5224.0,1,13,4,0,7,212,4301.0,3565.0,4443.0,4564.0,4023.8571428571427,768.2151236340035,4105.928571428572,708.3581396222133,1
2015-07-31,STORE_773,SKU_TOTAL,6746.0,1,16,4,0,7,212,6105.0,4514.0,6006.0,5944.0,5253.714285714285,1068.8473096840082,5237.428571428572,895.1053084571959,1
2015-07-31,STORE_774,SKU_TOTAL,6759.0,1,14,4,0,7,212,5347.0,4500.0,6015.0,8761.0,4974.571428571428,917.1010226274452,5546.357142857143,1235.1774265800939,1
2015-07-31,STORE_775,SKU_TOTAL,10381.0,0,17,4,0,7,212,10337.0,8800.0,8345.0,12729.0,9511.0,1532.9972820129885,8744.142857142857,1693.3667257052584,0
2015-07-31,STORE_776,SKU_TOTAL,6109.0,1,13,4,0,7,212,5310.0,3666.0,6087.0,8438.0,4893.428571428572,1206.315444803272,4856.928571428572,1503.9615077959768,1
2015-07-31,STORE_777,SKU_TOTAL,6226.0,1,15,4,0,7,212,5116.0,3525.0,4185.0,6774.0,4920.0,873.0435269733098,4614.25,947.991194872759,1
2015-07-31,STORE_778,SKU_TOTAL,7341.0,0,17,4,0,7,212,6824.0,4515.0,6775.0,9348.0,6081.0,1555.976542236646,5844.821428571428,1522.5798538587067,0
2015-07-31,STORE_779,SKU_TOTAL,8236.0,1,15,4,0,7,212,8207.0,6259.0,8286.0,10682.0,7366.0,2581.017241320051,7279.857142857143,2500.6740382351695,1
2015-07-31,STORE_78,SKU_TOTAL,5712.0,1,14,4,0,7,212,3964.0,2893.0,4200.0,5119.0,3767.8571428571427,1222.1440761408994,3840.964285714286,1104.5971775285525,1
2015-07-31,STORE_780,SKU_TOTAL,7834.0,1,15,4,0,7,212,7896.0,5987.0,7693.0,9602.0,6874.714285714285,2477.8872529003856,6728.178571428572,2305.613810031094,1
2015-07-31,STORE_781,SKU_TOTAL,5630.0,1,14,4,0,7,212,4831.0,3578.0,5235.0,7760.0,4666.142857142857,1696.2047270834162,4750.428571428572,1557.9328285948452,1
2015-07-31,STORE_782,SKU_TOTAL,7357.0,1,16,4,0,7,212,6001.0,4938.0,5536.0,5856.0,5754.285714285715,1005.6718673365577,5685.0,1128.363744872006,1
2015-07-31,STORE_783,SKU_TOTAL,9281.0,1,13,4,0,7,212,7736.0,6078.0,7366.0,9037.0,7080.714285714285,1390.4592423918846,7168.464285714285,1210.4643578565083,1
2015-07-31,STORE_784,SKU_TOTAL,9284.0,1,13,4,0,7,212,6994.0,5431.0,7576.0,12546.0,6561.571428571428,1813.6554116953107,6783.964285714285,2139.2919645969628,1
2015-07-31,STORE_785,SKU_TOTAL,10631.0,1,13,4,0,7,212,8803.0,5514.0,8320.0,12626.0,8174.428571428572,2656.522843688621,7458.964285714285,2182.596542044507,1
2015-07-31,STORE_786,SKU_TOTAL,3797.0,1,14,4,0,7,212,3722.0,2411.0,4086.0,5345.0,3016.0,1225.5624559041034,3321.785714285714,1322.7485513731003,1
2015-07-31,STORE_787,SKU_TOTAL,14469.0,1,15,4,0,7,212,10807.0,7887.0,10901.0,13276.0,10136.42857142857,2292.214639246115,10518.32142857143,2092.0019484018108,1
2015-07-31,STORE_788,SKU_TOTAL,18700.0,1,14,4,0,7,212,16693.0,14169.0,23043.0,24629.0,16672.714285714286,2705.958900542702,18202.60714285714,3160.7701398526065,1
2015-07-31,STORE_789,SKU_TOTAL,4205.0,1,15,4,0,7,212,4662.0,4235.0,3857.0,3612.0,4212.714285714285,494.46796804144236,3908.035714285714,460.93049866889174,1
2015-07-31,STORE_79,SKU_TOTAL,7150.0,1,15,4,0,7,212,6371.0,4444.0,6071.0,9395.0,6291.857142857143,1898.7742913562672,6104.142857142857,1656.5815697859416,1
2015-07-31,STORE_790,SKU_TOTAL,10141.0,1,16,4,0,7,212,7732.0,6039.0,7973.0,11535.0,7854.714285714285,1277.646497048848,7752.5,1445.3520012119416,1
2015-07-31,STORE_791,SKU_TOTAL,11996.0,1,13,4,0,7,212,9553.0,6828.0,9912.0,13000.0,8478.142857142857,2631.5769941583458,8685.5,2334.0074502404186,1
2015-07-31,STORE_792,SKU_TOTAL,10181.0,1,13,4,0,7,212,9090.0,5787.0,8159.0,12178.0,7159.0,2160.991901880298,7139.285714285715,2234.004042854911,1
2015-07-31,STORE_793,SKU_TOTAL,6349.0,1,13,4,0,7,212,5061.0,3513.0,6092.0,9623.0,5100.857142857143,1854.9675135111047,5060.714285714285,1829.797476288824,1
2015-07-31,STORE_794,SKU_TOTAL,4075.0,1,15,4,0,7,212,3254.0,3579.0,3041.0,3689.0,3234.5714285714284,360.4390180104277,3323.785714285714,458.8329282919093,1
2015-07-31,STORE_795,SKU_TOTAL,5258.0,1,13,4,0,7,212,4996.0,3039.0,5913.0,8042.0,4634.142857142857,1534.9354414810516,4513.75,1537.033328755068,1
2015-07-31,STORE_796,SKU_TOTAL,8913.0,1,13,4,0,7,212,9260.0,7025.0,8472.0,11740.0,8128.571428571428,2515.4136079460795,7782.142857142857,2071.6527793274277,1
2015-07-31,STORE_797,SKU_TOTAL,5797.0,0,17,4,0,7,212,5239.0,4266.0,5593.0,7977.0,5467.571428571428,1221.5184344518207,5286.607142857143,1214.582608973644,0
2015-07-31,STORE_798,SKU_TOTAL,9268.0,1,15,4,0,7,212,7963.0,6456.0,8522.0,12789.0,7430.714285714285,2632.6956219980448,7674.464285714285,2655.3624497265737,1
2015-07-31,STORE_799,SKU_TOTAL,13665.0,1,13,4,0,7,212,9444.0,7889.0,9973.0,12906.0,9367.57142857143,1601.6219754905505,9759.892857142857,1570.787425542714,1
2015-07-31,STORE_8,SKU_TOTAL,8492.0,1,14,4,0,7,212,8420.0,6109.0,7932.0,10444.0,6459.857142857143,1914.4574887372673,6671.392857142857,2008.967918909244,1
2015-07-31,STORE_80,SKU_TOTAL,9810.0,1,16,4,0,7,212,8942.0,7797.0,8223.0,11950.0,8896.714285714286,883.459622594552,8237.857142857143,1574.4231092638647,1
2015-07-31,STORE_800,SKU_TOTAL,6045.0,1,16,4,0,7,212,6089.0,3898.0,5329.0,6510.0,5005.857142857143,1048.7747499732466,4833.25,1084.0788417756619,1
2015-07-31,STORE_801,SKU_TOTAL,7460.0,1,14,4,0,7,212,8207.0,5683.0,5641.0,8813.0,6631.142857142857,1747.6852718712146,5938.107142857143,1557.1357689393592,1
2015-07-31,STORE_802,SKU_TOTAL,10286.0,1,14,4,0,7,212,8878.0,5546.0,8553.0,9863.0,7460.857142857143,1634.725504842517,7216.928571428572,1646.4458675307678,1
2015-07-31,STORE_803,SKU_TOTAL,6117.0,1,16,4,0,7,212,6601.0,4884.0,7515.0,9097.0,6055.285714285715,1594.6186288326433,6050.071428571428,1462.505281499187,1
2015-07-31,STORE_804,SKU_TOTAL,6532.0,0,17,4,0,7,212,5876.0,5138.0,4804.0,6722.0,5910.0,967.6774600341536,5289.285714285715,965.0320607665326,0
2015-07-31,STORE_805,SKU_TOTAL,6335.0,0,17,4,0,7,212,6383.0,4314.0,6387.0,8101.0,6057.285714285715,1909.5871032119614,5734.428571428572,1471.1596692701855,0
2015-07-31,STORE_806,SKU_TOTAL,10449.0,0,17,4,0,7,212,9210.0,5133.0,7345.0,10784.0,7864.857142857143,2465.810443414011,7024.642857142857,2050.807992787384,0
2015-07-31,STORE_807,SKU_TOTAL,12640.0,1,16,4,0,7,212,9477.0,8611.0,9915.0,13293.0,9978.714285714286,1219.131345708401,10200.42857142857,1398.0713548411095,1
2015-07-31,STORE_808,SKU_TOTAL,10715.0,1,15,4,0,7,212,9579.0,7100.0,8396.0,10420.0,8098.285714285715,2242.804844702532,7815.5,2003.1770783950376,1
2015-07-31,STORE_809,SKU_TOTAL,10595.0,1,13,4,0,7,212,10221.0,7329.0,12081.0,17080.0,9538.57142857143,2813.382001383326,9798.0,3091.4799404527826,1
2015-07-31,STORE_81,SKU_TOTAL,9279.0,0,17,4,0,7,212,7376.0,6568.0,6703.0,10348.0,8055.0,1148.0847819996536,7641.321428571428,1286.1851446002463,0
2015-07-31,STORE_810,SKU_TOTAL,7548.0,1,16,4,0,7,212,6124.0,4716.0,5896.0,7891.0,6048.571428571428,748.2312158499444,6069.035714285715,932.6651767974399,1
2015-07-31,STORE_811,SKU_TOTAL,5235.0,1,14,4,0,7,212,4406.0,3713.0,4262.0,5587.0,4327.714285714285,848.1642361116573,4343.821428571428,766.29425996627,1
2015-07-31,STORE_812,SKU_TOTAL,7915.0,1,15,4,0,7,212,6650.0,5272.0,7344.0,10185.0,6336.857142857143,1950.109777127601,6567.428571428572,1887.7336682160435,1
2015-07-31,STORE_813,SKU_TOTAL,8544.0,1,15,4,0,7,212,7132.0,5978.0,6131.0,7745.0,6405.428571428572,1061.151082098656,6186.714285714285,1025.8100992817267,1
2015-07-31,STORE_814,SKU_TOTAL,10821.0,1,13,4,0,7,212,10220.0,7646.0,9013.0,13186.0,8793.57142857143,2331.16000145287,8870.892857142857,2212.427782278789,1
2015-07-31,STORE_815,SKU_TOTAL,8186.0,0,17,4,0,7,212,7983.0,5798.0,6357.0,9266.0,6907.857142857143,1143.314105068643,6504.678571428572,1328.1592400503964,0
2015-07-31,STORE_816,SKU_TOTAL,7067.0,1,13,4,0,7,212,4559.0,3658.0,5234.0,6499.0,4103.142857142857,911.9520141875411,4678.535714285715,1083.4221325022615,1
2015-07-31,STORE_817,SKU_TOTAL,23093.0,1,14,4,0,7,212,22177.0,19532.0,24210.0,28456.0,20203.285714285714,3680.0386191036155,21288.428571428572,4230.746448704753,1
2015-07-31,STORE_818,SKU_TOTAL,7049.0,1,16,4,0,7,212,6752.0,5160.0,6983.0,10208.0,6104.857142857143,1242.1488676937906,6340.821428571428,1695.3411118263368,1
2015-07-31,STORE_819,SKU_TOTAL,6554.0,1,14,4,0,7,212,6334.0,4882.0,7236.0,7422.0,5852.428571428572,1253.350291167628,6144.714285714285,1157.4584820048385,1
2015-07-31,STORE_82,SKU_TOTAL,11492.0,1,13,4,0,7,212,10023.0,7716.0,11013.0,15283.0,8890.714285714286,2473.765329361906,9313.57142857143,2674.1698113420953,1
2015-07-31,STORE_820,SKU_TOTAL,14985.0,0,17,4,0,7,212,14208.0,11401.0,11779.0,17766.0,13010.0,2350.1177275462146,12241.642857142857,2616.990910049161,0
2015-07-31,STORE_821,SKU_TOTAL,11232.0,1,14,4,0,7,212,7641.0,6231.0,8397.0,10655.0,6589.0,1509.2266231384149,7144.25,1945.0730848877768,1
2015-07-31,STORE_822,SKU_TOTAL,9974.0,1,14,4,0,7,212,9627.0,6031.0,8055.0,11680.0,8379.42857142857,2360.7472586108033,7849.535714285715,2070.1974406130967,1
2015-07-31,STORE_823,SKU_TOTAL,7924.0,1,14,4,0,7,212,6410.0,4847.0,7017.0,8853.0,5872.142857142857,1531.6085692868985,6182.928571428572,1533.1501564151004,1
2015-07-31,STORE_824,SKU_TOTAL,9252.0,1,14,4,0,7,212,6893.0,6003.0,9769.0,10808.0,6946.428571428572,1563.879136113458,7683.0,1783.6494008589484,1
2015-07-31,STORE_825,SKU_TOTAL,6003.0,0,17,4,0,7,212,5769.0,4346.0,5171.0,8381.0,5463.285714285715,1157.1905222352088,5252.821428571428,1207.4393184218638,0
2015-07-31,STORE_826,SKU_TOTAL,11768.0,1,13,4,0,7,212,8747.0,7199.0,9604.0,13847.0,8244.714285714286,1758.4164006531728,8771.642857142857,2018.122049942699,1
2015-07-31,STORE_827,SKU_TOTAL,17099.0,1,14,4,0,7,212,15671.0,15112.0,17516.0,18107.0,15881.57142857143,959.7930084363281,16274.42857142857,1545.0965552609978,1
2015-07-31,STORE_828,SKU_TOTAL,8019.0,1,14,4,0,7,212,5821.0,4195.0,5977.0,7626.0,5320.142857142857,1766.0046648237812,5294.571428571428,1485.8007300855068,1
2015-07-31,STORE_829,SKU_TOTAL,7453.0,1,16,4,0,7,212,7339.0,4934.0,6506.0,8077.0,6384.857142857143,1337.5663757411564,5912.607142857143,1362.1614180539864,1
2015-07-31,STORE_83,SKU_TOTAL,3866.0,1,13,4,0,7,212,3401.0,2710.0,3971.0,5080.0,3505.0,951.3770721018068,3689.785714285714,865.7246314878836,1
2015-07-31,STORE_830,SKU_TOTAL,8415.0,1,15,4,0,7,212,7614.0,5212.0,7639.0,11407.0,6692.285714285715,2257.112219500451,6612.214285714285,2165.772471157654,1
2015-07-31,STORE_831,SKU_TOTAL,15152.0,1,13,4,0,7,212,13681.0,10001.0,15754.0,19703.0,12415.142857142857,3915.4867483090466,12467.857142857143,3542.4488256768186,1
2015-07-31,STORE_832,SKU_TOTAL,9199.0,1,16,4,0,7,212,7628.0,5352.0,6486.0,9444.0,7519.857142857143,1717.1021546530071,6930.035714285715,1501.7080517698018,1
2015-07-31,STORE_833,SKU_TOTAL,6918.0,1,16,4,0,7,212,6620.0,4506.0,6123.0,8666.0,5734.0,1361.1327390531796,5555.785714285715,1318.599940934198,1
2015-07-31,STORE_834,SKU_TOTAL,8150.0,1,14,4,0,7,212,6399.0,5116.0,7759.0,9412.0,5715.714285714285,1452.2549953150954,6226.321428571428,1669.9514531324069,1
2015-07-31,STORE_835,SKU_TOTAL,7948.0,1,13,4,0,7,212,6159.0,4316.0,6176.0,8826.0,5257.714285714285,1196.6463852857087,5454.392857142857,1470.5113078832828,1
2015-07-31,STORE_836,SKU_TOTAL,7217.0,1,15,4,0,7,212,6343.0,5570.0,7883.0,10646.0,6226.428571428572,2047.1335127531404,6478.892857142857,2211.0675373585655,1
2015-07-31,STORE_837,SKU_TOTAL,5481.0,1,16,4,0,7,212,4470.0,3686.0,4319.0,5746.0,3963.1428571428573,990.5526115146035,4131.321428571428,1046.0391272886807,1
2015-07-31,STORE_838,SKU_TOTAL,9798.0,1,13,4,0,7,212,8699.0,7723.0,9362.0,13512.0,8491.285714285714,1927.546861882442,8651.57142857143,1972.1876446776757,1
2015-07-31,STORE_839,SKU_TOTAL,5099.0,1,14,4,0,7,212,4375.0,2995.0,5298.0,6618.0,3885.8571428571427,1406.0884785502037,3935.75,1347.7324612235552,1
2015-07-31,STORE_84,SKU_TOTAL,14949.0,1,13,4,0,7,212,12928.0,10504.0,14569.0,20668.0,12659.57142857143,2943.7781198727234,13301.714285714286,2753.75499672906,1
2015-07-31,STORE_840,SKU_TOTAL,7818.0,1,13,4,0,7,212,8183.0,5765.0,8173.0,10225.0,6732.857142857143,1983.8045458613249,6531.142857142857,1839.6615975906432,1
2015-07-31,STORE_841,SKU_TOTAL,3768.0,1,15,4,0,7,212,2634.0,2147.0,3320.0,3851.0,2545.0,672.1976395774068,2624.8928571428573,735.5832827570347,1
2015-07-31,STORE_842,SKU_TOTAL,23996.0,0,17,4,0,7,212,20363.0,19169.0,23523.0,23157.0,21988.714285714286,2927.9844440778083,20867.25,2979.6349095895443,0
2015-07-31,STORE_843,SKU_TOTAL,12775.0,1,14,4,0,7,212,9326.0,7320.0,12111.0,13148.0,8959.857142857143,1428.9108239662553,9954.607142857143,2045.3744262725297,1
2015-07-31,STORE_844,SKU_TOTAL,6444.0,1,13,4,0,7,212,4471.0,2719.0,5183.0,6945.0,3976.285714285714,1509.3503805996359,4139.75,1439.8555129409544,1
2015-07-31,STORE_845,SKU_TOTAL,5151.0,1,13,4,0,7,212,5090.0,4281.0,5022.0,6702.0,5418.714285714285,782.7753433034301,5242.821428571428,904.0295821753521,1
2015-07-31,STORE_846,SKU_TOTAL,12705.0,1,13,4,0,7,212,11978.0,7469.0,10158.0,16587.0,9373.714285714286,2576.3385979757336,9256.67857142857,3155.4012370743,1
2015-07-31,STORE_847,SKU_TOTAL,10011.0,1,13,4,0,7,212,7380.0,5062.0,6878.0,9179.0,6711.428571428572,1625.9696447669885,6636.071428571428,1433.9810146104032,1
2015-07-31,STORE_848,SKU_TOTAL,10527.0,1,15,4,0,7,212,9474.0,6303.0,8517.0,11549.0,8214.285714285714,1993.5743205154797,7247.0,2270.9139129431073,1
2015-07-31,STORE_849,SKU_TOTAL,10829.0,1,13,4,0,7,212,9459.0,6864.0,9069.0,10522.0,9039.142857142857,1712.5911585025553,8607.285714285714,1482.7543153830738,1
2015-07-31,STORE_85,SKU_TOTAL,7791.0,1,14,4,0,7,212,7187.0,5791.0,7750.0,8581.0,7505.428571428572,2012.0255015872342,7429.0,2393.5751657453,1
2015-07-31,STORE_850,SKU_TOTAL,8380.0,1,13,4,0,7,212,6081.0,4890.0,7878.0,11786.0,6091.285714285715,1851.637897849036,6255.142857142857,2012.5797286119043,1
2015-07-31,STORE_851,SKU_TOTAL,6305.0,0,17,4,0,7,212,6207.0,5246.0,5139.0,7577.0,5890.857142857143,853.9186980303998,5418.928571428572,968.7382755724556,0
2015-07-31,STORE_852,SKU_TOTAL,5722.0,1,16,4,0,7,212,5929.0,4001.0,5537.0,7199.0,4642.428571428572,1303.7658093777047,4517.642857142857,1440.5382022589242,1
2015-07-31,STORE_853,SKU_TOTAL,13046.0,1,15,4,0,7,212,12249.0,8660.0,11448.0,14021.0,10743.714285714286,2422.419088037182,10165.857142857143,2016.4289981948466,1
2015-07-31,STORE_854,SKU_TOTAL,5653.0,1,15,4,0,7,212,5328.0,4898.0,6703.0,9697.0,5988.285714285715,1484.8372205118421,6063.321428571428,1484.9458414753308,1
2015-07-31,STORE_855,SKU_TOTAL,10423.0,1,15,4,0,7,212,8447.0,4859.0,6826.0,7702.0,6758.571428571428,1849.375377175648,6298.928571428572,1561.501744607161,1
2015-07-31,STORE_856,SKU_TOTAL,9416.0,1,13,4,0,7,212,8167.0,6022.0,8465.0,9835.0,7378.571428571428,1277.6213389357451,7550.785714285715,1432.2164216017052,1
2015-07-31,STORE_857,SKU_TOTAL,9211.0,1,16,4,0,7,212,9334.0,6996.0,8834.0,11098.0,9331.285714285714,1816.392919521029,8610.857142857143,1568.3238213023735,1
2015-07-31,STORE_858,SKU_TOTAL,5540.0,0,17,4,0,7,212,6080.0,4887.0,5660.0,7181.0,5679.285714285715,1168.7387381634624,5330.857142857143,949.8944079432242,0
2015-07-31,STORE_859,SKU_TOTAL,8854.0,0,17,4,0,7,212,8132.0,6978.0,8023.0,11109.0,8681.0,1309.114204334567,8161.357142857143,1300.7231383113315,0
2015-07-31,STORE_86,SKU_TOTAL,5572.0,1,13,4,0,7,212,4759.0,3677.0,5609.0,7957.0,4262.428571428572,1154.7729729411683,4523.892857142857,1372.8713176260114,1
2015-07-31,STORE_860,SKU_TOTAL,8977.0,1,13,4,0,7,212,8063.0,5109.0,6602.0,8545.0,6726.714285714285,1314.432794561158,6743.535714285715,1300.5891395006217,1
2015-07-31,STORE_861,SKU_TOTAL,5338.0,1,16,4,0,7,212,4923.0,3700.0,4617.0,5394.0,4233.571428571428,750.1241801874816,4066.3214285714284,695.568142602467,1
2015-07-31,STORE_862,SKU_TOTAL,11935.0,1,14,4,0,7,212,9337.0,7185.0,10043.0,13854.0,8184.285714285715,1979.323766193582,8625.892857142857,2090.15199410582,1
2015-07-31,STORE_863,SKU_TOTAL,13290.0,1,14,4,0,7,212,9506.0,8903.0,9964.0,11170.0,8605.714285714286,3050.523709914807,8149.107142857143,2718.2880279523315,1
2015-07-31,STORE_864,SKU_TOTAL,6690.0,1,15,4,0,7,212,5624.0,3825.0,5054.0,5948.0,4780.428571428572,1497.2816320592478,4594.857142857143,1175.1347192828719,1
2015-07-31,STORE_865,SKU_TOTAL,9709.0,1,13,4,0,7,212,7327.0,7324.0,7951.0,11763.0,7971.0,1096.9554837473386,7927.178571428572,1383.6583032900646,1
2015-07-31,STORE_866,SKU_TOTAL,9827.0,1,16,4,0,7,212,8991.0,6591.0,6974.0,8687.0,7843.0,1280.8554433098902,7221.142857142857,1290.2626122090378,1
2015-07-31,STORE_867,SKU_TOTAL,6462.0,1,14,4,0,7,212,6237.0,4659.0,5064.0,5394.0,5504.428571428572,1905.7039694128578,4807.607142857143,1346.5918939435503,1
2015-07-31,STORE_868,SKU_TOTAL,11441.0,1,16,4,0,7,212,11790.0,8611.0,9532.0,14893.0,10468.142857142857,1722.5106123084825,10102.42857142857,1921.2285696737536,1
2015-07-31,STORE_869,SKU_TOTAL,7768.0,1,15,4,0,7,212,6494.0,4801.0,6969.0,10907.0,6123.285714285715,2129.590626877405,5905.464285714285,2317.4874242676747,1
2015-07-31,STORE_87,SKU_TOTAL,6379.0,1,14,4,0,7,212,6310.0,4272.0,6996.0,8956.0,5764.571428571428,1655.456820851248,6023.035714285715,1284.779660663126,1
2015-07-31,STORE_870,SKU_TOTAL,7064.0,1,14,4,0,7,212,7247.0,6523.0,8239.0,9366.0,6871.0,1240.8572305692273,7124.857142857143,1366.106652586909,1
2015-07-31,STORE_871,SKU_TOTAL,8478.0,1,16,4,0,7,212,7735.0,6387.0,6569.0,9534.0,7701.428571428572,1386.8466458254657,7128.5,1321.5159785187182,1
2015-07-31,STORE_872,SKU_TOTAL,9747.0,1,13,4,0,7,212,8093.0,5692.0,7667.0,11709.0,7186.285714285715,1543.0849743564613,7429.821428571428,1621.9424580732082,1
2015-07-31,STORE_873,SKU_TOTAL,3871.0,1,15,4,0,7,212,3487.0,2990.0,4071.0,5264.0,3481.1428571428573,894.8192421812009,3753.3214285714284,822.0925447387567,1
2015-07-31,STORE_874,SKU_TOTAL,6384.0,1,13,4,0,7,212,5345.0,4902.0,4677.0,7182.0,4952.857142857143,560.1179722569861,5006.321428571428,802.2582965213627,1
2015-07-31,STORE_875,SKU_TOTAL,6555.0,1,16,4,0,7,212,5690.0,4124.0,5752.0,7021.0,5054.142857142857,1158.3362247257755,5014.357142857143,1221.0661466072456,1
2015-07-31,STORE_877,SKU_TOTAL,8646.0,1,14,4,0,7,212,6242.0,5835.0,8163.0,9527.0,6704.571428571428,1497.3232624820898,6709.5,1608.162800400383,1
2015-07-31,STORE_878,SKU_TOTAL,11254.0,1,14,4,0,7,212,10647.0,6706.0,8901.0,13588.0,8809.42857142857,2271.636183980916,8701.32142857143,2329.2133635320265,1
2015-07-31,STORE_879,SKU_TOTAL,6000.0,0,17,4,0,7,212,5861.0,4520.0,4342.0,5463.0,4757.142857142857,1106.6698436504184,4289.214285714285,955.226998700552,0
2015-07-31,STORE_88,SKU_TOTAL,7863.0,1,14,4,0,7,212,7954.0,4625.0,7886.0,10633.0,5988.714285714285,2436.3915745936024,6380.392857142857,2304.1331838318056,1
2015-07-31,STORE_880,SKU_TOTAL,10670.0,1,15,4,0,7,212,10195.0,7754.0,8886.0,12026.0,9117.42857142857,2186.537053357345,8446.964285714286,1777.5513011741234,1
2015-07-31,STORE_881,SKU_TOTAL,7396.0,1,13,4,0,7,212,5571.0,2770.0,5253.0,7042.0,3936.285714285714,1443.1126907082014,4153.607142857143,1436.8806579292411,1
2015-07-31,STORE_882,SKU_TOTAL,7416.0,1,13,4,0,7,212,6491.0,5831.0,6439.0,8086.0,6097.285714285715,1020.2308095478802,6186.928571428572,995.5960406658137,1
2015-07-31,STORE_883,SKU_TOTAL,5850.0,1,13,4,0,7,212,4643.0,3474.0,4425.0,6803.0,4199.428571428572,1121.1743630536794,4508.0,1110.2057867295264,1
2015-07-31,STORE_884,SKU_TOTAL,7661.0,0,17,4,0,7,212,7000.0,5150.0,6148.0,9333.0,6892.142857142857,1646.9393257938614,6401.428571428572,1407.3923991120168,0
2015-07-31,STORE_885,SKU_TOTAL,6754.0,1,13,4,0,7,212,5942.0,4892.0,6678.0,7053.0,5559.0,637.7178059208792,5752.821428571428,904.5748767630438,1
2015-07-31,STORE_886,SKU_TOTAL,6857.0,1,13,4,0,7,212,7652.0,5800.0,7584.0,11274.0,6552.0,1782.6058640809367,6881.142857142857,1800.5811554477293,1
2015-07-31,STORE_887,SKU_TOTAL,8902.0,1,16,4,0,7,212,7957.0,5707.0,8151.0,11418.0,7350.285714285715,1836.9068851608463,7215.678571428572,1936.0352011943305,1
2015-07-31,STORE_888,SKU_TOTAL,12206.0,1,14,4,0,7,212,9304.0,7156.0,9977.0,11657.0,8732.57142857143,1770.3700985117498,9136.392857142857,1688.2044886510935,1
2015-07-31,STORE_889,SKU_TOTAL,6312.0,1,14,4,0,7,212,5466.0,3306.0,4722.0,5593.0,4364.428571428572,1285.9679696770418,4223.464285714285,1120.5966823983556,1
2015-07-31,STORE_89,SKU_TOTAL,7295.0,0,17,4,0,7,212,6433.0,6103.0,6738.0,9152.0,6506.142857142857,1110.3642688382697,6338.107142857143,1280.4722895832542,0
2015-07-31,STORE_890,SKU_TOTAL,8467.0,0,17,4,0,7,212,7745.0,5910.0,6765.0,10739.0,6877.142857142857,1407.4375567603706,6588.571428571428,1649.5139223096,0
2015-07-31,STORE_891,SKU_TOTAL,11916.0,1,13,4,0,7,212,7924.0,5444.0,8659.0,10131.0,7298.571428571428,1562.3729662611524,7475.464285714285,1437.395032744212,1
2015-07-31,STORE_892,SKU_TOTAL,10054.0,1,15,4,0,7,212,8735.0,6177.0,8201.0,12545.0,7524.0,2475.0513799359433,7649.607142857143,2533.2310116656563,1
2015-07-31,STORE_893,SKU_TOTAL,7179.0,0,17,4,0,7,212,7358.0,5407.0,7559.0,9431.0,6557.285714285715,1195.5656561160392,6410.928571428572,1235.8247187399818,0
2015-07-31,STORE_894,SKU_TOTAL,11866.0,1,13,4,0,7,212,9205.0,5888.0,10859.0,13875.0,8313.142857142857,2621.799472915538,8579.17857142857,2590.4119943096966,1
2015-07-31,STORE_895,SKU_TOTAL,12182.0,1,15,4,0,7,212,12002.0,9300.0,10366.0,14235.0,11378.714285714286,2299.3188639435157,10606.92857142857,1843.9179287705156,1
2015-07-31,STORE_896,SKU_TOTAL,8763.0,1,14,4,0,7,212,7445.0,6845.0,7964.0,9120.0,7232.857142857143,1086.840287030701,7465.5,989.5088007014953,1
2015-07-31,STORE_897,SKU_TOTAL,4691.0,1,16,4,0,7,212,3833.0,2611.0,3282.0,3301.0,3450.5714285714284,500.5739562755647,3259.214285714286,555.1174288268252,1
2015-07-31,STORE_898,SKU_TOTAL,8833.0,1,13,4,0,7,212,7219.0,5096.0,8305.0,7975.0,6765.857142857143,2881.6022989845087,6918.178571428572,2534.300400995467,1
2015-07-31,STORE_899,SKU_TOTAL,5952.0,1,15,4,0,7,212,5803.0,3961.0,5611.0,8932.0,5278.857142857143,2031.2117424939622,5182.214285714285,1991.4422906085858,1
2015-07-31,STORE_9,SKU_TOTAL,8565.0,1,13,4,0,7,212,7539.0,6471.0,7013.0,13457.0,7425.714285714285,1890.0311914757692,7496.928571428572,1937.3220908245842,1
2015-07-31,STORE_90,SKU_TOTAL,11495.0,1,13,4,0,7,212,8879.0,7391.0,9216.0,12721.0,8017.285714285715,1945.1331329118736,8447.25,1927.01839590266,1
2015-07-31,STORE_900,SKU_TOTAL,7358.0,0,17,4,0,7,212,7285.0,6166.0,6559.0,9921.0,7041.142857142857,1222.0612953174304,6670.178571428572,1390.204409525329,0
2015-07-31,STORE_901,SKU_TOTAL,8220.0,1,14,4,0,7,212,6713.0,6297.0,7792.0,12827.0,6820.714285714285,1763.809014061376,7429.357142857143,2048.709046354046,1
2015-07-31,STORE_902,SKU_TOTAL,4897.0,0,17,4,0,7,212,4022.0,3498.0,4209.0,5599.0,4145.428571428572,619.948346532422,4045.8571428571427,620.5481277346261,0
2015-07-31,STORE_903,SKU_TOTAL,13911.0,0,17,4,0,7,212,13759.0,11863.0,11137.0,15023.0,13401.285714285714,1538.6412527794878,12422.285714285714,1783.6995025349258,0
2015-07-31,STORE_904,SKU_TOTAL,7901.0,0,17,4,0,7,212,7178.0,5551.0,6159.0,9011.0,6509.714285714285,855.1502234990247,6031.678571428572,1276.1528717656556,0
2015-07-31,STORE_905,SKU_TOTAL,8157.0,1,13,4,0,7,212,7357.0,5286.0,7825.0,11040.0,6234.714285714285,1586.8732058412486,6664.107142857143,1648.7047068280176,1
2015-07-31,STORE_906,SKU_TOTAL,15131.0,1,16,4,0,7,212,11907.0,10407.0,12102.0,14985.0,11079.0,1716.8549734882404,10904.035714285714,1990.8854066420613,1
2015-07-31,STORE_907,SKU_TOTAL,8485.0,1,13,4,0,7,212,7864.0,5950.0,7035.0,9540.0,6559.428571428572,1162.978769813214,6694.142857142857,1145.6773417623185,1
2015-07-31,STORE_908,SKU_TOTAL,5618.0,1,16,4,0,7,212,4911.0,3316.0,5030.0,7811.0,4333.428571428572,1473.5027267370967,4200.035714285715,1702.445615210707,1
2015-07-31,STORE_909,SKU_TOTAL,16140.0,0,17,4,0,7,212,14894.0,15484.0,6125.0,8997.0,14298.142857142857,1181.6489084538848,14844.107142857143,7518.182647517164,0
2015-07-31,STORE_91,SKU_TOTAL,6164.0,1,15,4,0,7,212,6151.0,3997.0,5846.0,7572.0,5460.428571428572,1491.0141802485796,4925.357142857143,1435.892062751203,1
2015-07-31,STORE_910,SKU_TOTAL,8547.0,1,14,4,0,7,212,6757.0,4993.0,6841.0,9971.0,6136.571428571428,1582.8524733434178,6069.428571428572,1718.037067434324,1
2015-07-31,STORE_911,SKU_TOTAL,12944.0,1,14,4,0,7,212,9869.0,7531.0,11595.0,14866.0,9574.0,2056.7193132081893,10200.57142857143,2222.698367243139,1
2015-07-31,STORE_912,SKU_TOTAL,6864.0,1,14,4,0,7,212,6701.0,4865.0,6214.0,7020.0,6134.0,856.8226187421925,5994.892857142857,865.6375231167334,1
2015-07-31,STORE_913,SKU_TOTAL,11718.0,1,16,4,0,7,212,10626.0,7046.0,10528.0,13920.0,9801.714285714286,2474.0748246739877,9122.107142857143,2515.118277747085,1
2015-07-31,STORE_914,SKU_TOTAL,11972.0,1,14,4,0,7,212,10140.0,8390.0,11187.0,12837.0,9108.857142857143,2034.0972959801534,9647.75,2291.9428863834487,1
2015-07-31,STORE_915,SKU_TOTAL,9843.0,0,17,4,0,7,212,7603.0,5631.0,5468.0,9341.0,7363.0,1160.0843360099518,6828.714285714285,1569.0898484089764,0
2015-07-31,STORE_916,SKU_TOTAL,6157.0,1,13,4,0,7,212,5463.0,4260.0,7695.0,8479.0,5837.0,1408.5640442147942,5712.571428571428,1355.0891846708168,1
2015-07-31,STORE_917,SKU_TOTAL,9099.0,1,13,4,0,7,212,7245.0,6026.0,6988.0,11374.0,6374.857142857143,1830.9083745995772,6546.571428571428,1870.3792728582418,1
2015-07-31,STORE_918,SKU_TOTAL,6966.0,1,15,4,0,7,212,5722.0,5160.0,6056.0,7245.0,5342.0,1305.2275663606724,5315.678571428572,1390.4873926622063,1
2015-07-31,STORE_919,SKU_TOTAL,8280.0,0,17,4,0,7,212,7770.0,4710.0,7247.0,8251.0,6118.0,1921.581640208973,5851.642857142857,1706.1472129240221,0
2015-07-31,STORE_92,SKU_TOTAL,8227.0,1,13,4,0,7,212,6683.0,4279.0,7644.0,11023.0,6288.142857142857,2014.878278253749,6474.214285714285,1885.993703244082,1
2015-07-31,STORE_920,SKU_TOTAL,7788.0,0,17,4,0,7,212,8149.0,5245.0,6199.0,8290.0,7047.428571428572,1185.5621531730526,6453.892857142857,1183.1301027131985,0
2015-07-31,STORE_921,SKU_TOTAL,9180.0,1,15,4,0,7,212,8874.0,7450.0,9304.0,13181.0,7784.142857142857,2091.183590580449,8588.035714285714,2371.64703641643,1
2015-07-31,STORE_922,SKU_TOTAL,8447.0,1,13,4,0,7,212,7210.0,5600.0,8188.0,10941.0,7163.714285714285,1340.8626221270415,7417.285714285715,1435.664508863202,1
2015-07-31,STORE_923,SKU_TOTAL,5812.0,1,14,4,0,7,212,5127.0,4522.0,6134.0,6425.0,5092.0,605.5094273869918,5404.357142857143,767.1035573659775,1
2015-07-31,STORE_924,SKU_TOTAL,4513.0,1,13,4,0,7,212,5276.0,3972.0,4579.0,7930.0,4486.285714285715,1342.6197915826683,4578.714285714285,1509.2957606514065,1
2015-07-31,STORE_925,SKU_TOTAL,9287.0,1,15,4,0,7,212,7307.0,6861.0,7229.0,8137.0,7874.857142857143,1240.3939466339966,7379.714285714285,1212.8961623024159,1
2015-07-31,STORE_926,SKU_TOTAL,10359.0,1,13,4,0,7,212,8677.0,6159.0,7512.0,13497.0,8140.142857142857,2067.7838723731284,7258.75,2329.5843950590156,1
2015-07-31,STORE_927,SKU_TOTAL,8625.0,1,13,4,0,7,212,5818.0,5071.0,7614.0,11606.0,6113.714285714285,1565.2487250967183,6475.714285714285,1863.58886852711,1
2015-07-31,STORE_928,SKU_TOTAL,12541.0,1,13,4,0,7,212,9686.0,5924.0,9029.0,13796.0,8469.57142857143,2705.6094111500624,7985.25,2528.281492546753,1
2015-07-31,STORE_929,SKU_TOTAL,8331.0,1,14,4,0,7,212,6658.0,4980.0,6526.0,8405.0,5805.571428571428,1148.2408076571937,6113.571428571428,1236.4093601306613,1
2015-07-31,STORE_93,SKU_TOTAL,6548.0,1,13,4,0,7,212,5897.0,4740.0,6577.0,10212.0,5574.285714285715,1694.8686000444861,5985.607142857143,2045.93847594523,1
2015-07-31,STORE_930,SKU_TOTAL,9512.0,1,13,4,0,7,212,7468.0,5302.0,7523.0,10330.0,6475.0,1172.6782735780318,6849.178571428572,1446.8394943757528,1
2015-07-31,STORE_931,SKU_TOTAL,5943.0,1,14,4,0,7,212,5720.0,4426.0,4435.0,5197.0,5175.285714285715,1178.19250185043,4768.428571428572,1084.8831453903185,1
2015-07-31,STORE_932,SKU_TOTAL,10845.0,0,17,4,0,7,212,10249.0,6662.0,8594.0,13182.0,8204.42857142857,1876.395023896544,7724.964285714285,2192.904643721153,0
2015-07-31,STORE_933,SKU_TOTAL,9769.0,1,15,4,0,7,212,8221.0,7398.0,9151.0,11211.0,7727.571428571428,2317.433483914941,7640.892857142857,2157.3688250628916,1
2015-07-31,STORE_934,SKU_TOTAL,9507.0,1,13,4,0,7,212,7312.0,5656.0,7367.0,12011.0,6377.714285714285,1282.1750679023785,6801.0,1852.478839784814,1
2015-07-31,STORE_935,SKU_TOTAL,8941.0,1,14,4,0,7,212,6482.0,4833.0,6733.0,8799.0,5925.285714285715,1510.056148431881,6176.035714285715,1610.2955441211893,1
2015-07-31,STORE_936,SKU_TOTAL,6717.0,1,13,4,0,7,212,7361.0,5526.0,6895.0,9883.0,6710.571428571428,1520.3239629663492,6603.107142857143,1224.7683481427812,1
2015-07-31,STORE_937,SKU_TOTAL,8508.0,1,16,4,0,7,212,7722.0,5722.0,8079.0,12907.0,7688.142857142857,1646.113243222649,7852.785714285715,1884.5433547900793,1
2015-07-31,STORE_938,SKU_TOTAL,12268.0,1,13,4,0,7,212,10837.0,9030.0,10155.0,13867.0,10075.42857142857,1879.0362651381906,9933.42857142857,1846.8002243832882,1
2015-07-31,STORE_939,SKU_TOTAL,7546.0,1,13,4,0,7,212,5708.0,4296.0,6825.0,9642.0,5916.428571428572,1265.3979422969858,5946.892857142857,1361.7142610821197,1
2015-07-31,STORE_94,SKU_TOTAL,8372.0,1,13,4,0,7,212,7964.0,5580.0,8731.0,11278.0,7437.0,2187.969149688616,7629.678571428572,1985.790486385418,1
2015-07-31,STORE_940,SKU_TOTAL,10323.0,1,15,4,0,7,212,8303.0,6099.0,8337.0,9894.0,7659.142857142857,1927.2729808842118,7791.285714285715,1756.2034358055625,1
2015-07-31,STORE_941,SKU_TOTAL,6526.0,0,17,4,0,7,212,6323.0,4769.0,5824.0,9179.0,5927.285714285715,1435.7528471445569,5494.357142857143,1527.6985405132066,0
2015-07-31,STORE_942,SKU_TOTAL,8518.0,1,16,4,0,7,212,7311.0,5958.0,6906.0,11028.0,7157.428571428572,1376.4693793796773,6681.25,1761.9056733691625,1
2015-07-31,STORE_943,SKU_TOTAL,8183.0,1,13,4,0,7,212,7478.0,6639.0,8415.0,9513.0,7102.285714285715,788.2583574464568,7285.142857142857,1157.4909555448116,1
2015-07-31,STORE_944,SKU_TOTAL,9714.0,1,13,4,0,7,212,9129.0,6049.0,7194.0,9053.0,8091.857142857143,1542.066084677678,7349.0,1391.3846021534937,1
2015-07-31,STORE_945,SKU_TOTAL,5804.0,1,14,4,0,7,212,4911.0,3594.0,4669.0,5960.0,4066.1428571428573,879.6096536787562,4463.5,946.0392091152411,1
2015-07-31,STORE_946,SKU_TOTAL,5581.0,1,16,4,0,7,212,5041.0,3705.0,5115.0,6613.0,4428.428571428572,1181.2527047032825,4462.285714285715,1211.7947466195378,1
2015-07-31,STORE_947,SKU_TOTAL,9247.0,1,15,4,0,7,212,9367.0,7304.0,9215.0,10751.0,8566.857142857143,1343.9342033175335,7728.464285714285,1789.6331815771437,1
2015-07-31,STORE_948,SKU_TOTAL,9616.0,1,15,4,0,7,212,8450.0,8183.0,8906.0,9347.0,8455.857142857143,1736.335934138333,8457.392857142857,1543.4954159974902,1
2015-07-31,STORE_949,SKU_TOTAL,6778.0,1,14,4,0,7,212,5957.0,4096.0,7120.0,9124.0,5473.714285714285,2013.717599718729,5638.964285714285,1826.9328168255618,1
2015-07-31,STORE_95,SKU_TOTAL,8445.0,1,15,4,0,7,212,7525.0,5333.0,8255.0,10539.0,7256.571428571428,2405.9543399041004,7178.607142857143,2065.1167367105545,1
2015-07-31,STORE_950,SKU_TOTAL,8212.0,1,15,4,0,7,212,7790.0,5282.0,6208.0,9655.0,6786.285714285715,1903.4400186900632,6161.571428571428,1724.5312498602418,1
2015-07-31,STORE_951,SKU_TOTAL,10427.0,1,13,4,0,7,212,8117.0,5582.0,8555.0,15619.0,7483.285714285715,1765.7789323934292,8042.642857142857,2533.6823475120254,1
2015-07-31,STORE_952,SKU_TOTAL,7422.0,0,17,4,0,7,212,6240.0,5250.0,5920.0,7216.0,6486.571428571428,615.0143242531295,6188.464285714285,784.0954912614392,0
2015-07-31,STORE_953,SKU_TOTAL,6877.0,1,13,4,0,7,212,6592.0,4636.0,6031.0,7859.0,5464.571428571428,1854.6499990661894,5568.571428571428,1762.0888578206204,1
2015-07-31,STORE_954,SKU_TOTAL,8916.0,1,13,4,0,7,212,6615.0,5762.0,8115.0,11827.0,6296.142857142857,1678.0047108135825,6719.857142857143,2013.1959981538637,1
2015-07-31,STORE_955,SKU_TOTAL,6851.0,1,13,4,0,7,212,5416.0,3844.0,5242.0,7654.0,5072.0,1268.457462164837,5095.178571428572,1164.0963131068133,1
2015-07-31,STORE_956,SKU_TOTAL,4833.0,1,13,4,0,7,212,3894.0,2495.0,3598.0,6030.0,2874.285714285714,1106.0085464179574,3140.5,1124.197639799814,1
2015-07-31,STORE_957,SKU_TOTAL,11276.0,1,14,4,0,7,212,8711.0,6526.0,9743.0,12975.0,8026.0,2778.1583828120856,8162.285714285715,2539.6052894994973,1
2015-07-31,STORE_958,SKU_TOTAL,4357.0,1,14,4,0,7,212,3789.0,3389.0,4176.0,5895.0,3589.8571428571427,584.9727710284972,3855.5714285714284,713.5144333221652,1
2015-07-31,STORE_959,SKU_TOTAL,10708.0,1,14,4,0,7,212,8117.0,6098.0,8653.0,10572.0,6942.142857142857,1848.6466607167554,7447.357142857143,1926.399351203187,1
2015-07-31,STORE_96,SKU_TOTAL,6370.0,1,15,4,0,7,212,6308.0,4655.0,6980.0,9347.0,5953.571428571428,2441.617418646106,5522.107142857143,2214.7877640860984,1
2015-07-31,STORE_960,SKU_TOTAL,9081.0,1,16,4,0,7,212,8959.0,6286.0,7426.0,9160.0,8132.142857142857,1830.3769583102096,7415.035714285715,1638.9679336597014,1
2015-07-31,STORE_961,SKU_TOTAL,8926.0,1,13,4,0,7,212,7241.0,5126.0,6312.0,8602.0,6330.714285714285,1243.5750499067278,6462.285714285715,1330.612887388064,1
2015-07-31,STORE_962,SKU_TOTAL,9370.0,1,13,4,0,7,212,7332.0,5151.0,7373.0,11315.0,6505.428571428572,1682.929673427533,6549.392857142857,2004.3525294138908,1
2015-07-31,STORE_963,SKU_TOTAL,13492.0,1,15,4,0,7,212,14728.0,10216.0,13134.0,18850.0,12081.42857142857,5326.744873970528,11680.17857142857,4525.522577179306,1
2015-07-31,STORE_964,SKU_TOTAL,12482.0,1,15,4,0,7,212,12407.0,7962.0,9922.0,13436.0,10177.857142857143,2094.118384789503,9139.75,2017.0535831767058,1
2015-07-31,STORE_965,SKU_TOTAL,9958.0,1,16,4,0,7,212,9098.0,7160.0,10755.0,11773.0,8749.285714285714,2068.9032291089716,8360.17857142857,2086.9412679370407,1
2015-07-31,STORE_966,SKU_TOTAL,5292.0,1,13,4,0,7,212,4733.0,3966.0,5020.0,6542.0,4566.428571428572,1092.061179163051,4720.321428571428,1019.8361180455935,1
2015-07-31,STORE_967,SKU_TOTAL,10397.0,1,13,4,0,7,212,9761.0,6581.0,8388.0,14792.0,7581.857142857143,1931.1647977785346,8124.678571428572,2479.9462218415033,1
2015-07-31,STORE_968,SKU_TOTAL,8724.0,1,15,4,0,7,212,7794.0,6475.0,7488.0,10164.0,7307.857142857143,1470.1336026063052,7455.535714285715,1535.0645657098153,1
2015-07-31,STORE_969,SKU_TOTAL,5280.0,1,15,4,0,7,212,4464.0,3869.0,4773.0,6131.0,4410.142857142857,980.2891458702699,4191.035714285715,1010.6106141784851,1
2015-07-31,STORE_97,SKU_TOTAL,8380.0,1,15,4,0,7,212,7695.0,6790.0,7821.0,10893.0,7414.0,1786.6111309744288,7152.321428571428,1836.3691239841498,1
2015-07-31,STORE_970,SKU_TOTAL,2726.0,1,16,4,0,7,212,3110.0,2782.0,3519.0,4693.0,2624.0,803.5290909399134,2884.714285714286,1036.2018914219202,1
2015-07-31,STORE_971,SKU_TOTAL,10400.0,1,13,4,0,7,212,10337.0,7283.0,9870.0,13182.0,9537.714285714286,2655.3560159454637,9202.535714285714,2263.415306683236,1
2015-07-31,STORE_972,SKU_TOTAL,4328.0,1,14,4,0,7,212,4327.0,2430.0,3761.0,6052.0,3602.0,1385.1037265564246,3462.285714285714,1230.5832359198525,1
2015-07-31,STORE_973,SKU_TOTAL,10156.0,1,13,4,0,7,212,7032.0,5614.0,7453.0,13242.0,6544.714285714285,1686.012328370339,7095.892857142857,2405.914507567415,1
2015-07-31,STORE_974,SKU_TOTAL,14826.0,0,17,4,0,7,212,14235.0,11307.0,13656.0,17411.0,12860.142857142857,2294.3690802006013,12483.92857142857,2491.1794459141843,0
2015-07-31,STORE_975,SKU_TOTAL,9784.0,1,13,4,0,7,212,8483.0,6772.0,8084.0,11978.0,7437.428571428572,1643.1071031340898,7437.5,2063.8377861174326,1
2015-07-31,STORE_976,SKU_TOTAL,9300.0,1,13,4,0,7,212,7347.0,5612.0,8542.0,11848.0,6766.714285714285,1932.614266932372,6967.714285714285,2038.7728854155257,1
2015-07-31,STORE_977,SKU_TOTAL,5849.0,0,17,4,0,7,212,5389.0,3933.0,4878.0,10036.0,5120.857142857143,1791.1420405741421,4647.928571428572,2010.5167739691349,0
2015-07-31,STORE_978,SKU_TOTAL,10862.0,1,15,4,0,7,212,7265.0,6038.0,8747.0,10559.0,7060.428571428572,1565.0513151447144,7508.357142857143,1829.648300838351,1
2015-07-31,STORE_979,SKU_TOTAL,8097.0,1,13,4,0,7,212,7147.0,5609.0,6514.0,11289.0,6833.285714285715,1695.7008103093415,6755.964285714285,2010.0153211526897,1
2015-07-31,STORE_98,SKU_TOTAL,7012.0,1,13,4,0,7,212,6399.0,4413.0,5795.0,9429.0,5549.428571428572,1034.0538118021493,5754.535714285715,1456.5579029348141,1
2015-07-31,STORE_980,SKU_TOTAL,8487.0,1,13,4,0,7,212,6995.0,5560.0,6255.0,10052.0,6629.285714285715,1491.2276502098384,6199.964285714285,1609.6218898566187,1
2015-07-31,STORE_981,SKU_TOTAL,10549.0,1,14,4,0,7,212,8286.0,6060.0,7698.0,10532.0,7389.857142857143,1808.131395348716,7260.964285714285,1711.383661168091,1
2015-07-31,STORE_982,SKU_TOTAL,9355.0,1,15,4,0,7,212,9593.0,7746.0,9763.0,13722.0,9253.285714285714,2526.1484328421543,8625.285714285714,2396.7229611241864,1
2015-07-31,STORE_983,SKU_TOTAL,11368.0,1,13,4,0,7,212,8991.0,6358.0,10157.0,14577.0,8340.285714285714,2572.6549654816617,8479.857142857143,2449.6525485187835,1
2015-07-31,STORE_984,SKU_TOTAL,7444.0,1,13,4,0,7,212,7767.0,4774.0,6826.0,12145.0,7126.571428571428,2338.003910540575,6330.357142857143,2306.9734255604667,1
2015-07-31,STORE_985,SKU_TOTAL,11053.0,1,15,4,0,7,212,10849.0,7881.0,9273.0,13128.0,9640.285714285714,1848.2926097936481,8826.857142857143,2113.1254842456165,1
2015-07-31,STORE_986,SKU_TOTAL,7051.0,1,13,4,0,7,212,5630.0,3318.0,6396.0,8254.0,4633.571428571428,1170.0975539255767,5045.428571428572,1413.472436250932,1
2015-07-31,STORE_987,SKU_TOTAL,11948.0,1,14,4,0,7,212,7226.0,5776.0,8019.0,9037.0,6186.571428571428,1557.4577422955101,6756.107142857143,1929.8862246116948,1
2015-07-31,STORE_988,SKU_TOTAL,5494.0,1,14,4,0,7,212,4591.0,4386.0,5669.0,7557.0,4664.285714285715,690.7437330517092,5093.964285714285,1023.6000912583877,1
2015-07-31,STORE_989,SKU_TOTAL,6732.0,0,17,4,0,7,212,6146.0,4749.0,5989.0,8185.0,5711.285714285715,1476.4634225349946,5617.0,1552.0417376972741,0
2015-07-31,STORE_99,SKU_TOTAL,6571.0,0,17,4,0,7,212,6046.0,5040.0,5830.0,7528.0,6107.571428571428,1249.0896494525598,5760.892857142857,1229.5330140091946,0
2015-07-31,STORE_990,SKU_TOTAL,8660.0,1,15,4,0,7,212,7167.0,5645.0,6569.0,9457.0,6743.428571428572,1359.7844016741512,6633.214285714285,1463.3193205385312,1
2015-07-31,STORE_991,SKU_TOTAL,6506.0,1,13,4,0,7,212,5237.0,4229.0,5012.0,7527.0,5676.142857142857,894.5951465209653,5834.714285714285,986.7051365295976,1
2015-07-31,STORE_992,SKU_TOTAL,6919.0,1,13,4,0,7,212,4350.0,3655.0,6013.0,7965.0,4579.714285714285,1512.1313560942124,5108.571428571428,1467.3033827160657,1
2015-07-31,STORE_993,SKU_TOTAL,10205.0,1,15,4,0,7,212,9095.0,7003.0,8242.0,12952.0,8114.571428571428,2262.9267816340707,7849.071428571428,2257.674219987673,1
2015-07-31,STORE_994,SKU_TOTAL,6816.0,1,13,4,0,7,212,5506.0,4002.0,6187.0,11144.0,5100.0,2004.2420013531823,4966.642857142857,2215.449142896434,1
2015-07-31,STORE_995,SKU_TOTAL,11075.0,1,15,4,0,7,212,9614.0,7986.0,10421.0,13270.0,9560.0,2017.6845640459737,9655.535714285714,1844.471508813484,1
2015-07-31,STORE_996,SKU_TOTAL,9288.0,1,15,4,0,7,212,8551.0,5901.0,8432.0,12885.0,7735.857142857143,2622.789890462563,7275.0,2683.242620964774,1
2015-07-31,STORE_997,SKU_TOTAL,6713.0,1,16,4,0,7,212,5890.0,4646.0,5840.0,8831.0,5679.571428571428,1578.104966630083,5175.892857142857,1547.5658147739077,1
2015-07-31,STORE_998,SKU_TOTAL,6533.0,1,15,4,0,7,212,4694.0,4176.0,4639.0,6239.0,4804.0,813.3406420362855,4709.464285714285,822.7294448459571,1
2015-07-31,STORE_999,SKU_TOTAL,11274.0,1,15,4,0,7,212,11158.0,7181.0,11190.0,17138.0,9681.285714285714,3204.3900467043322,9624.42857142857,3354.955907736569,1
